-- MySQL dump 10.13  Distrib 8.0.17, for Win64 (x86_64)
--
-- Host: localhost    Database: project
-- ------------------------------------------------------
-- Server version	5.7.29-0ubuntu0.18.04.1

/*!40101 SET @OLD_CHARACTER_SET_CLIENT=@@CHARACTER_SET_CLIENT */;
/*!40101 SET @OLD_CHARACTER_SET_RESULTS=@@CHARACTER_SET_RESULTS */;
/*!40101 SET @OLD_COLLATION_CONNECTION=@@COLLATION_CONNECTION */;
/*!50503 SET NAMES utf8 */;
/*!40103 SET @OLD_TIME_ZONE=@@TIME_ZONE */;
/*!40103 SET TIME_ZONE='+00:00' */;
/*!40014 SET @OLD_UNIQUE_CHECKS=@@UNIQUE_CHECKS, UNIQUE_CHECKS=0 */;
/*!40014 SET @OLD_FOREIGN_KEY_CHECKS=@@FOREIGN_KEY_CHECKS, FOREIGN_KEY_CHECKS=0 */;
/*!40101 SET @OLD_SQL_MODE=@@SQL_MODE, SQL_MODE='NO_AUTO_VALUE_ON_ZERO' */;
/*!40111 SET @OLD_SQL_NOTES=@@SQL_NOTES, SQL_NOTES=0 */;

--
-- Table structure for table `book`
--

DROP TABLE IF EXISTS `book`;
/*!40101 SET @saved_cs_client     = @@character_set_client */;
/*!50503 SET character_set_client = utf8mb4 */;
CREATE TABLE `book` (
  `bookId` varchar(50) NOT NULL,
  `bookISBN` varchar(100) NOT NULL,
  `bookName` varchar(100) NOT NULL,
  `bookPrice` int(11) NOT NULL,
  `publisher` varchar(50) NOT NULL,
  `publishDate` varchar(50) NOT NULL,
  `author` varchar(100) NOT NULL,
  `bookImg` text NOT NULL,
  `rentCnt` int(11) NOT NULL DEFAULT '0',
  `categoryId` varchar(45) NOT NULL,
  `cityId` varchar(45) NOT NULL,
  `classId` varchar(45) NOT NULL,
  `bookSummary` text,
  `delFlag` int(11) NOT NULL,
  PRIMARY KEY (`bookId`,`cityId`),
  KEY `fk_book_category1_idx` (`categoryId`),
  KEY `fk_book_city1_idx` (`cityId`),
  KEY `fk_book_class1_idx` (`classId`),
  CONSTRAINT `fk_book_category1` FOREIGN KEY (`categoryId`) REFERENCES `category` (`categoryId`),
  CONSTRAINT `fk_book_city1` FOREIGN KEY (`cityId`) REFERENCES `city` (`cityId`),
  CONSTRAINT `fk_book_class1` FOREIGN KEY (`classId`) REFERENCES `class` (`classId`)
) ENGINE=InnoDB DEFAULT CHARSET=utf8;
/*!40101 SET character_set_client = @saved_cs_client */;

--
-- Dumping data for table `book`
--

LOCK TABLES `book` WRITE;
/*!40000 ALTER TABLE `book` DISABLE KEYS */;
INSERT INTO `book` VALUES ('000.new.20.02.1','9791160508802','리얼월드 알고리즘',32000,'길벗','2019-08-26','파노스 루리다스','https://image.aladin.co.kr/product/20428/41/cover500/k662635353_1.jpg',2,'006','0','0',NULL,0),('000.new.20.02.10','9791162241998','프로그래밍 면접, 이렇게 준비한다',28000,'한빛 미디어','2019-07-04','존 몽건,노아 킨들러,에릭 기게리','http://www.hanbit.co.kr/data/books/B6503680425_l.jpg',3,'008','0','0',NULL,0),('000.new.20.02.100','9788966187935','아마존 웹 서비스를 다루는 기술',42000,'길벗','2014-09-30','이재홍','http://pyrasis.com/assets/images/TheArtOfAmazonWebServices/TheArtOfAmazonWebServices3d.png',0,'013','0','1',NULL,0),('000.new.20.02.101','9791162241516','레트로의 유니티 게임 프로그래밍 에센스 (소문난 명강의,C#으로 배우는 입문부터 4가지 게임 제작까지)',60000,'한빛미디어','2019-02-20','이제민','https://bookthumb-phinf.pstatic.net/cover/144/873/14487361.jpg?type=m1&udate=20200113',0,'001','0','2',NULL,0),('000.new.20.02.102','9791160507652','OpenCV 4로 배우는 컴퓨터 비전과 머신 러닝 (컴퓨터 비전 기초부터 딥러닝 활용까지!)',42000,'길벗','2019-04-12','황선규','https://bookthumb-phinf.pstatic.net/cover/147/223/14722394.jpg?type=m1&udate=20200109',0,'001','0','2','컴퓨터 비전 기초부터 딥러닝 활용까지!&#x0D;&#x0D;컴퓨터 비전은 컴퓨터를 이용하여 정지 영상 또는 동영상으로부터 의미 있는 정보를 추출하는 학문이다. 즉, 사람의 눈과 뇌가 하는 작업을 수학적 알고리즘을 통해 컴퓨터가 수행할 수 있도록 만드는 작업이다. 컴퓨터가 사물을 인식하게끔... ',0),('000.new.20.02.103','9788966260546','알고리즘 문제 해결 전략 세트 (프로그래밍 대회에서 배우는,전2권)',50000,'인사이트','2012-11-01','구종만','https://bookthumb-phinf.pstatic.net/cover/070/587/07058764.jpg?type=m1&udate=20161124',2,'006','0','3','프로그래밍 대회에서 배우는『알고리즘 문제 해결 전략 세트』. 프로그래밍 대회 문제를 풀면서 각종 알고리즘 설계 기법과 자료 구조에 대해 배우고, 나아가 문제 해결 능력까지 키울 수 있도록 구성된 책이다. 각 장에는 독자가 스스로 프로그램을 작성해서 채점받을 수 있는 연습 문제들을 수록하였고, 모든... ',0),('000.new.20.02.104','9791160505979','케라스 창시자에게 배우는 딥러닝 (창시자의 철학까지 담았다!)',33000,'길벗','2018-10-22','프랑소와 숄레','https://bookthumb-phinf.pstatic.net/cover/140/690/14069088.jpg?type=m1&udate=20200214',0,'001','0','3','단어 하나, 코드 한 줄 버릴 것이 없다!\n창시자의 철학까지 담은 딥러닝 입문서\n단어 하나, 코드 한 줄 버릴 것이 없다!\n창시자의 철학까지 담은 딥러닝 입문서\n케라스 창시자이자 구글 딥러닝 연구원인 저자는 ‘인공 지능의 민주화’를 강조한다. 이 책 역시 많은 사람에게 딥러닝을 전달하는 또 다른 방법이며... ',0),('000.new.20.02.105','9791158391232','실전활용! 텐서플로 딥러닝 프로젝트 (10가지 실무 프로젝트로 배우는 텐서플로와 딥러닝 알고리즘 100% 활용법)',27000,'위키북스','2018-11-21','루카 마사론|알베르토 보세티','https://bookthumb-phinf.pstatic.net/cover/142/045/14204546.jpg?type=m1&udate=20191010',0,'001','0','0','텐서플로를 활용한 다양한 딥러닝 시스템을 설계해 보자!\n\n텐서플로는 머신러닝과 딥러닝에 사용되는 가장 유명한 프레임워크다. 텐서플로는 다양한 종류의 딥러닝 모델을 매우 높은 정확도로 훈련시키기 위한 빠르고 효율적인 프레임워크를 제공한다. 이 책은 10개의 현실적인 프로젝트를 통해 텐서플로를... ',0),('000.new.20.02.106','9791158391065','파이썬과 케라스를 이용한 딥러닝/강화학습 주식투자 (퀀트 투자, 알고리즘 트레이딩을 위한 최첨단 해법 입문)',25000,'위키북스','2018-05-29','김문권','https://bookthumb-phinf.pstatic.net/cover/136/084/13608435.jpg?type=m1&udate=20191010',0,'001','0','0','강화학습은 스스로 학습하는 머신러닝 기법으로서 주식 데이터 학습에 잘 적용되는 기법입니다. 이 책은 파이썬을 이용한 강화학습 기반의 주식투자 시뮬레이션 프로그램을 개발하는 방법을 설명합니다. 이를 위해 이론과 코드 수준에서 상세한 설명을 덧붙였습니다. 이 책을 통해 딥러닝과 강화학습을 이해하고... ',0),('000.new.20.02.107','9791188621217','몽고디비 인 액션 (빅 데이터 시대 최고의 NoSQL 데이터베이스)',33000,'제이펍','2018-05-17','카일 뱅커|피터 배컴|숀 버크|덕 개릿|팀 호킨스','https://bookthumb-phinf.pstatic.net/cover/135/854/13585443.jpg?type=m1&udate=20180619',0,'012','0','1','빅 데이터 시대 최고의 NOSQL 데이터베이스!《몽고디비 인 액션(제2판)》은 1판에 비해 완전히 개정되고 업데이트되었다. MONGODB 3.X와 도큐먼트 지향 데이터베이스 모델을 소개하는 이 책은 개발자에게 필요한 큰 그림과 시스템 엔지니어를 만족시키기에 충분한 하위 수준의 상세한 내용을 동시에... ',0),('000.new.20.02.108','9788968484612','이것이 우분투 리눅스다 (설치부터 서버 & 네트워크 관리까지)',30000,'한빛미디어','2017-02-01','우재남','https://bookthumb-phinf.pstatic.net/cover/115/761/11576160.jpg?type=m1&udate=20171017',0,'013','0','1','개인 사용자를 위하 무료 리눅스 배포판, 우분투 리눅스를 만나보자!『이것이 우분투 리눅스다』는 ‘초보자도 리눅스의 실무 기능을 막힘 없이 실습 가능하도록’ 저자의 17년간의 생생한 강의 경험을 이 책에 담았다. 특히 FTP 서버는 물론, NFS 서버, SAMBA 서버, DHCP 서버, 프록시 서버 등 실제 학생들이... ',0),('000.new.20.02.109','9791186710210','깡샘의 안드로이드 프로그래밍 (95개 실습 예제와 해설 동영상 강의 수록)',43000,'루비페이퍼','2019-06-25','강성윤','https://bookthumb-phinf.pstatic.net/cover/125/949/12594901.jpg?type=m1&udate=20191209',0,'000','0','2','안드로이드 새내기도 앱을 만들 수 있는 체계적 구성!이 책은 각 챕터마다 안드로이드 프로그램과 각 기능이 어떠한 구조로 어떻게 작동하는지 그 원리를 파악하는 데 주력합니다. 그리고 이를 구현하는 핵심 코드를 알아본 다음, 이를 종합하여 실제 상용 앱에서 많이 사용하는 기능을 직접 개발해보는 실습을... ',0),('000.new.20.02.11','9791162241998','프로그래밍 면접, 이렇게 준비한다',28000,'한빛 미디어','2019-07-04','존 몽건,노아 킨들러,에릭 기게리','http://www.hanbit.co.kr/data/books/B6503680425_l.jpg',1,'008','0','1',NULL,0),('000.new.20.02.110','9791189184018','코드로 배우는 스프링 웹 프로젝트 (현업 개발을 위한 단계별 실습서)',38000,'남가람북스','2018-09-13','구멍가게 코딩단','https://bookthumb-phinf.pstatic.net/cover/139/937/13993776.jpg?type=m1&udate=20190518',0,'000','0','2','이 책은 SPRING FRAMEWORK(이하 스프링)를 사용해서 말 그대로 ‘웹 프로젝트’를 어떻게 진행하는지를 설명하는 책입니다. 웹 프로젝트라고 거창하게 표현하지만, 좀 더 구체적으로는 스프링으로 웹 프로젝트에서 사용되는 게시물 관리를 만들어 보는 것이 주된 목적입니다. 모든 웹 프로젝트는 그 성격에... ',0),('000.new.20.02.111','9788968481475','이것이 자바다 (신용권의 Java 프로그래밍 정복)',30000,'한빛미디어','2015-01-05','신용권','https://bookthumb-phinf.pstatic.net/cover/085/893/08589375.jpg?type=m1&udate=20190327',0,'005','0','3','『이것이 자바다』은 15년 이상 자바 언어를 교육해온 자바 전문강사의 노하우를 아낌 없이 담아낸 자바 입문서이다. 자바 입문자를 배려한 친절한 설명과 배려로 1장에 풀인원 설치 방법을 제공하여 쉽게 학습환경을 구축할 수 있다. 또한 중급 개발자로 나아가기 위한 람다식(14장), JAVAFX(17장), NIO(18... ',0),('000.new.20.02.112','9788968483387','러닝 자바스크립트',28000,'한빛 미디어','2017-07-01','이선 브라운','data:image/jpeg;base64,/9j/4AAQSkZJRgABAQAAAQABAAD/2wCEAAkGBwgHBgkIBwgKCgkLDRYPDQwMDRsUFRAWIB0iIiAdHx8kKDQsJCYxJx8fLT0tMTU3Ojo6Iys/RD84QzQ5OjcBCgoKDQwNGg8PGjclHyU3Nzc3Nzc3Nzc3Nzc3Nzc3Nzc3Nzc3Nzc3Nzc3Nzc3Nzc3Nzc3Nzc3Nzc3Nzc3Nzc3N//AABEIAHgAXgMBIgACEQEDEQH/xAAcAAABBAMBAAAAAAAAAAAAAAAHAAIDBgEEBQj/xABEEAACAQMCAgYGBQoEBwEAAAABAgMABBESIQUxBhNBUWFxBxQiMoGRFZKTodEjM0JSU1SiscHwNWLC4RckcnN0stIW/8QAGgEAAgMBAQAAAAAAAAAAAAAAAAECAwQFBv/EACsRAAICAAMFCAMBAAAAAAAAAAABAhEDBBIFFBUxoSE0QVFSYXGRMkPwE//aAAwDAQACEQMRAD8AN5GRQ9//AAt0WcyQ2rknOoXDjtPZp8qIanIB76zU4zceRnx8th49a/AGU/o/4mdPUNZr3lpnJP8ADWiehXEASDe8OBGSfyzdnP8AR8KLdR9RHnOhM9+kVPeJmR7Jyz8GCdehl8y6lvuHEbbiZu3l+jWV6F37KWW+4cVHMiZtv4aKrW0LDBijI2ONA7OVO6iP9mn1RT3iYuEZb3+wUL0K4gz6BfcOL4B09c2cHl+jWD0MvwGJvuH4UZJ65th9WiwYYyACiEDkCo2pvqsBDAwxnV72UHtedG8TDhGW9/sFsXQbiczukV3YOyHDAStt/DUv/D3jX7ay+0b/AOaKCxIrl1RQzc2A3NPo3iYcIy3v9lM6GdF7/gfEJp7x7dkeLQOrck5zntAq5VmsYqqUnJ2zdgYEMCGiHIwnur5U6mJ7q+VVTp50wj6OwJb2oSTiE66kD+7Gv6x/oKiXItc00UEZkmkSNBzZ2AA+NaCce4Q8nVpxSzZ/1ROv40G4rR+kTtPxi9mupsaiJHyi7cgvIDy7qgHRqxutQhWJxk5CjelZKg9RSxyjMUiOO9WBptxcQ2yF7iaOJP1nYKPvoAT9GPV4zpeWJxuSjkbeXyFcY2NwbwCWSV1RtKq7lva5HGe6iwo9E3XH+F21hNetfQvBChdjG4Y48AKqg9KnCJIpeotbt5oz+aIC5XvBoQvw5rSYsG/JkENv2GoWglidWJ1xqDlgcHHjz/sUWFHovov0htOknDRe2YdNLmOWKQYaNh2H7vnXYoKdF+OT8KsknserD6szLjSs3/UB2/5huPHlV44f6Q+FXt9DatHLbl1y7SkYQ9nInI259m1Ami50q5PCePWPFbm4trZm62H2sMuNSEkBh3g4rrUxDE91fKvOnTq/fiHSu9unLMvWmOMHkFXYfD8a9Fp7q+Vee+kHBp7jhl5xiMMy2d81vc4Gw9ldz5E4+IpMcSThF6YLW50Lqbqzy5eVR9GeJzJcBQ2UaTS4bYac5P3VxeCXYhZw0jBWGCpcgGtKZvV53Kg7OSpHYaRMKg4rbE9dNKhfABGOftEn+lUiXifVcYEyMpxJrGOz2uf3VyBxZwGAO+DzFaolk1iTBZskkY3/AL2oFQQOlT2Vzw2K5gKGUrhwNuzeqbDMGtLmI7hFOfAEH8KbeXrzRKqN8iSTmpOjlhdcR4nBYW2gy3UnVHVyUd5+ANAGeC30MY9t2UZGQrHfvruB7S94hH1V0IoYnLBssSucZwN8D5UQoPRB0bSBFkN40oADyCbGo9pxyFdzhXQHozwsfkeFxyt2tckyk/W2p0KyncA4ukvTrhwsY8tLG0Urr7rpgk/eufh40WK0bThNhZTddaWcEL6dA6uMLpHcMcq3qZEYnuL5VS/SPPacK6L3vD7S3ijl4nrDBUwDq99zjmeX9irovuL5UPvS2kNzw+ykQq8kcre62TjHLbyoBNAktLZvVkkjwrAsG1RkgY8R2/Crt6N+hll0htby54pC8lkD1cLayDI/6TA7H2eXxPdVYhnhtOGQIbmRpJWcT28nJTklHU9qkbHuIoleh/jdk3R9+GSTwxXltPITEzgF1Y6gwHdvj4VFE3yOfd+hOwdmNnxm6hUn2VliWTHyIqq9PugkPQ/hVjPDfz3d3LcEElAihQM7Lv247aPPrcH7eL64ofemAes8NsXiKvHHI4dlOrSWA058Nj91SaIKavmB63MEikwhkVEDNvvnPIHuAxRd9CnBrf6Ffjzxq13cu8SMQPYRDp27skHPkKFIRbC1tnVnNxIHWeJ49l32IPaCDRf9D3FrAdFYuHNdxLxCKSaSaBnAYBpCQQO7BX40kSk+wIdKoPWoP28X1xS9ag/bxfXFOivVHzJ6VRJPG5wkiMe5WzUlA00+Q1fcHlQMubVWkjKDVJNI4AG2+ogUcx+bHlQQ9Yka4EKRRs6zHq2OQVJbzxz8K05dXZxdrutH95EV3wNpMq+okkjrBE5KkduMZ+NMbo9FHdAuYUchzpbJwUzqYbbZC8qebohnBghw+zrggMc5zz7+6sy3s0sgkbQG0Muy4GGBB/maveEm7o5kc9OEXFSfaSJw0NGSrRlSAwkOQAul2O2P8h+7vpn0eugO0sXVPgK+k+0TnbGPA/dTVvZki6sadOnTy7MMP5O1bVkxaFfWZI0t1ICa0zkgk5G45aufLepuzPFxk+w5lzaLHPoYLrhfYruMj+lNWONVCBRpBJAwNs862LtzJdTSED23Leycj4GosUaI86E8fFScFJ18jdK/qj5UtC/qj5VJIgQIQ6tqUNt2eB8awiM7hEGWY4A76mUUy3+i4AcYusAfmP8AUKJ1DL0X/wCM3X/Y/wBQonVz8x+Z6vZPdV8sYvuDyoGwf4rH/wCSP/ajiPzY8qB5nkilk6uNMh2xJoGpd+/+8VZlvEy7Z/W/kkUm1AMkyqH9vqxCHJGe3PZtyzTrm0je56uEBFjneFz3KCSG+QPyrWW4mVFUorMmyOyZZR4f78qx6zcap21HM+es9n3s7ny7fnWqmcTVGqNoOsTiQyLFHM2tYlhDeyTtnPZt30yd4Y5pbWVGaGORurKHDJv948KhW4mVUXQpKDCMyZKjw/35Vk3UrMxliSXUxbLx9p8sfhRQa0StELOFpUKyMzKI308lIJzg8ieXhg1iKYm1uJ3SN5Q8aozIPZyHycdp27fDuqIXM/WO7DVrADK0Y0kDkMdnhjlTZJZHVk0BUJB0omBtnH8zToWpLkbiBEt5JuqR3FsrBiucMZMavkadw+ZneKZwhlSdV1FF9oEHblvy5+Na9vcSRwzZ97qljUFM5GrJGPnUZuZsx6EEYjbUiomwPfvz+OaVD1pUy1+jJy/G7pm059X/AEVCjmOwUTKGfozbVxy7JUKTByAwOYomVhzH5nptld2Xyxp92g3FasvXJccJvHZpSRIIW5ahty7g1GWlgVHDxNFl2bym8V21QG4oAjyBuC3kqbaMwMD2DnjwJ+NYNuNSsvCb0AHJX1YkHbBG/wCFGXApbVbvHsYuEL19APmGPQmODXZfSwb/AJRvh21yfo6+7LC7+wb8KO2BWaFma8BS2Opc59AEfR1/+4Xf2D/hS+jr/wDcLv7B/wAKO9KnvT8iHA4+voAj6Ov/ANwu/sH/AApfR1/+4Xf2D/hR3pjyxIcPIinuLAUb0/IOBx9fQHXo1tbmDi1y09tPEDBgGSNlB38RRHrCuj+4yttnY06qMSeuVnUyuXWXw/8ANOzBG1cm44Bb3AbXcXakszakmwQT3bUqVV0aRo6O2nViMzXbDABzO2TjHb8K66rp27AMUqVMB1KlSoAVKlSoAVat3Yw3a4kGG29pQMnw5UqVAGbWzS2GEd29kL7WOwY7BWzSpUAf/9k=',0,'000','0','3',NULL,0),('000.new.20.02.113','9788968484988','전문가를 위한 파이썬 (간단하고, 명료하고, 효율적인 파이썬 프로그래밍,파이썬3 버전 기준)',55000,'한빛미디어','2016-08-12','루시아누 하말류','https://bookthumb-phinf.pstatic.net/cover/109/105/10910543.jpg?type=m1&udate=20191102',0,'005','0','0','파이썬 기능을 활용하여, 효율적인 파이썬 코드 작성 방법을 제시하는 실용 안내서『전문가를 위한 파이썬』. 이 책은 특히 다른 언어에서는 찾아볼 수 없는 파이썬 고유의 기능을 중점적으로 살펴본다. 파이썬의 핵심 요소 및 주요 기본 라이브러리도 기본에 충실하게 소개한다.',0),('000.new.20.02.114','9791158390051','프로그래밍 패턴 (프로그램을 작성하는 33가지 방법)',25000,'위키북스','2015-07-21','크리스티나 로페즈','https://bookthumb-phinf.pstatic.net/cover/092/738/09273893.jpg?type=m1&udate=20171011',0,'005','0','0','『프로그래밍 패턴』은 1940년대 프랑스 작가 레몽 크노가 쓴 \'문체 연습\'이라는 책의 형식을 빌려 다양한 방법으로 프로그램을 작성하는 방법을 알려주는 책이다. 이 책에서는 단어 빈도 세기라는 간단한 주제로 무려 33가지 서로 다른 형식의 프로그램을 만들어 낸다. 누구나 흔히 생각해 낼 수 있는 전통적... ',0),('000.new.20.02.115','9791165210137','RxJS 반응형 프로그래밍',28000,'길벗','2019-12-26','폴 대니얼스|루이스 아텐시오','https://bookthumb-phinf.pstatic.net/cover/159/863/15986392.jpg?type=m1&udate=20200118',0,'000','0','1','이 책은 RxJS와 반응형 프로그래밍을 처음 접하는 사람들에게 자바스크립트 개발자들이 직면한 대량의 비동기 데이터 처리 문제를 설명하고 RxJS로 이 문제를 해결하는 방법을 보여준다. 다양한 예제로 함수형 반응형 프로그래밍(FRP)과 RxJS의 핵심 개념과 사용 방법을 설명하며 RxJS를 리액트 및 리덕스로... ',0),('000.new.20.02.116','9791160509229','Vue.js 코딩 공작소',24000,'길벗','2019-09-20','에릭 한쳇, 벤자민 리스트원','https://image.aladin.co.kr/product/20782/66/cover500/k452636666_1.jpg',0,'010','0','1',NULL,0),('000.new.20.02.117','9791160509229','Vue.js 코딩 공작소',24000,'길벗','2019-09-20','에릭 한쳇, 벤자민 리스트원','https://image.aladin.co.kr/product/20782/66/cover500/k452636666_1.jpg',0,'010','0','2',NULL,0),('000.new.20.02.118','9788931457070','Amazon Web Services로 시작하는 클라우드 입문 (서버 구축 경험이 적어도! 프로그램 개발자도 쉽게!)',27000,'영진닷컴','2018-04-05','WINGS 프로젝트 아사 시호','https://bookthumb-phinf.pstatic.net/cover/134/531/13453140.jpg?type=m1&udate=20180330',1,'013','0','2','이 책은 AMAZON WEB SERVICES(AWS)를 처음으로 사용하는 사람을 위해 업무 시스템에서 널리 활용되는 JAVA 기반의 WEB 시스템을 구축하는 절차를 GUI를 사용하여 설명한 입문서이다. 인프라 구축 경험이 적은 젊은 엔지니어를 대상으로 서버 구축/네트워크 기술/보안/운용 등 인프라의 기본 개념들을... ',0),('000.new.20.02.119','9788956748313','가장 쉬운 유니티 게임 제작 (1인 게임 만들어 돈벌기)',25000,'정보문화사','2019-05-10','김민석','https://bookthumb-phinf.pstatic.net/cover/148/505/14850531.jpg?type=m1&udate=20190517',0,'001','0','3','따라하며 익히는 유니티 게임 제작아직도 유니티 5입니까? 이 책은 최신 유니티 2017과 2018 버전에서 새로 추가된 유용한 기능을 소개하며 유니티를 안내하고 있다. 지루한 유니티에 대한 설명보다는 게임 제작과 진행을 위한 사전 준비 과정으로 시작한다. 이후 쉬운 장르부터 차츰 어려운 장르로 진행할... ',0),('000.new.20.02.12','9791162241998','프로그래밍 면접, 이렇게 준비한다',28000,'한빛 미디어','2019-07-04','존 몽건,노아 킨들러,에릭 기게리','http://www.hanbit.co.kr/data/books/B6503680425_l.jpg',2,'008','0','1',NULL,0),('000.new.20.02.120','9791161752143','초보를 위한 젠킨스 2 활용 가이드 (지속적인 통합과 배포)',30000,'에이콘출판','2018-10-15','니킬 파타니아','https://bookthumb-phinf.pstatic.net/cover/140/489/14048938.jpg?type=m1&udate=20181016',0,'001','0','3','최근 소프트웨어 개발 업계에서 지속적인 통합을 위해 사용하는 도구 중 가장 널리 쓰이는 것은 젠킨스이다. 젠킨스는 최근 2.0 버전의 배포를 통해 또 한 번의 도약을 준비하고 있다. 이 책에서는 젠킨스 2.0 버전에서 새롭게 추가된 기능을 소개하고, 리눅스와 도커와 같이 다양한 환경에서 젠킨스를 설정하는... ',0),('000.new.20.02.121','9788979143409','HEAD FIRST DESIGN PATTERNS',28000,'한빛미디어','2005-09-04','에릭 프리먼','https://bookthumb-phinf.pstatic.net/cover/018/824/01882446.jpg?type=m1&udate=20150112',0,'013','0','0','참신한 유머와 퍼즐, 비주얼한 그림 그리고 친숙한 대화 스타일 등 색다른 시도로 주목받는 HEAD FIRST 시리즈의 DESIGN PATTERNS 편. 디자인 패턴을 사용하면 다른 사람들의 노력과 경험을 바로 활용해서 시간과 에너지를 절약할 수 있다. 이 책은 중요한 디자인 패턴과 사용 시기 및 이유, 즉시 디자인에 적용하는... ',0),('000.new.20.02.122','9791158391652','실전 예제로 배우는 GAN (파이썬, 텐서플로, 케라스로 다양한 GAN 아키텍처를 구축하고 활용하기)',25000,'위키북스','2019-07-24','조시 칼린','https://bookthumb-phinf.pstatic.net/cover/152/078/15207852.jpg?type=m1&udate=20191010',0,'001','0','0','파이썬, 텐서플로, 케라스를 사용해 강력한 생성 모델을 구현함으로써 차세대 딥러닝을 간소화한다!생성적 적대 신경망(GAN) 개발 작업은 복잡할 뿐만 아니라, 이해하기 쉬운 코드를 찾기도 어렵다. 이 책에서는 CYCLEGAN, SIMGAN, DCGAN 및 2차원 이미지로 3차원 형상을 생성하는 모델과 같은 여덟 가지 최신... ',0),('000.new.20.02.123','9791160507966','머신 러닝 교과서 with 파이썬, 사이킷런, 텐서플로',33000,'길벗','2019-05-24','세바스찬 라시카, 바히드 미자리리','https://bookthumb-phinf.pstatic.net/cover/149/228/14922892.jpg?type=m1&udate=20191203',0,'001','0','1',NULL,0),('000.new.20.02.124','9791196203740','클라우드 네이티브 인프라스트럭처 (진정한 클라우드 네이티브 컴퓨팅 시대를 위한 아키텍처 패턴과 설계)',20000,'책만','2018-09-21','저스틴 개리슨|크리스 노바','https://bookthumb-phinf.pstatic.net/cover/140/224/14022486.jpg?type=m1&udate=20190215',0,'013','0','1','사람이 직접 일일이 설정하지 않고도 애플리케이션으로 인프라스트럭처를 자동화해 관리하는 \'IT 인프라 기술 혁명\'의 미래는 이미 다가와 있다. 고 가용성과 확장성, 신뢰성을 보장하는 클라우드 인프라스트럭처와 클라우드 네이티브한 애플리케이션 개발이 무엇인지 아직 잘 모르는 개발자와 엔지니어, 인프라... ',0),('000.new.20.02.125','9788998139766','객체지향의 사실과 오해 (역할, 책임, 협력 관점에서 본 객체지향)',20000,'위키북스','2015-06-17','조영호','https://bookthumb-phinf.pstatic.net/cover/091/459/09145968.jpg?type=m1&udate=20171011',0,'005','0','2','객체지향에 대한 선입견을 버려라!『객체지향의 사실과 오해』는 객체지향이란 무엇인가라는 원론적면서도 다소 위험한 질문에 답하기 위해 쓰여진 책이다. 안타깝게도 많은 사람들이 객체지향의 본질을 오해하고 있다. 가장 널리 퍼져있는 오해는 클래스가 객체지향 프로그래밍의 중심이라는 것이다.... ',0),('000.new.20.02.126','9791189184025','한 권으로 끝내는 실무 Java 웹 개발서 (실전 개발을 위한 단계별 실습서)',32000,'남가람북스','2019-01-27','김정현|김계희','https://bookthumb-phinf.pstatic.net/cover/144/570/14457099.jpg?type=m1&udate=20190122',0,'000','0','2','이 책은 HTML5, CSS3, JAVASCRIPT 그리고 AJAX로 구성되는 웹 클라이언트 기술과 MVC 패턴 기반의 SERVLET 및 JSP 기술을 학습할 수 있는 책입니다. 웹 프로그래밍 기술을 강의하면서 실제 수업시간에 사용하는 학습용 소스들을 기반으로 했으며, 혼자서도 쉽게 이해할 수 있게 심플한 소스와 자세한 설명을... ',0),('000.new.20.02.127','9788998139131','퍼펙트 자바스크립트 (한 권으로 끝내는 모던 자바스크립트 프로그래밍)',32000,'위키북스','2013-02-14','이노우에 세이이치로|츠치에 타쿠로|하마베 쇼타','https://bookthumb-phinf.pstatic.net/cover/071/358/07135833.jpg?type=m1&udate=20171011',0,'000','0','3','최신 자바스크립트를 배우다!『퍼펙트 자바스크립트』는 프로그래밍 언어 자바스크립트에 대한 책이다. 전반부에서는 자바스크립트의 언어적인 사양을 살펴보고, 후반부에서는 자바스크립트의 응용 분야로써 클라이언트 사이트 자바스크립트, HTML5, 웹 API를 이용하고, 서버사이드 자바스크립트를 다룬다.... ',0),('000.new.20.02.128','9791162241639','파이썬으로 웹 크롤러 만들기 (초간단 나만의 웹 크롤러로 원하는 데이터를 가져오는 방법)',25000,'한빛미디어','2019-03-29','라이언 미첼','https://bookthumb-phinf.pstatic.net/cover/146/494/14649485.jpg?type=m1&udate=20200113',0,'000','0','3','웹 어디서든 내가 원하는 데이터를 쏙쏙쏙\n웹에 존재한다면 그것이 어떤 형태이든 데이터로 추출할 수 있다. 필요한 무기는 이 책과 파이썬뿐. BeautifulSoup, 셀레니움, 테서랙트 등 강력한 파이썬 라이브러리 사용법과 함께 API, 인증, 이미지 및 텍스트 인식, 로그인 처리 등 웹 크롤링의 기초부터 고급... ',0),('000.new.20.02.129','9788968484995','고성능 파이썬 (파이썬3 버전 기준,파이썬 성능 잠재력을 끌어내는 실용적인 개발 전략서)',30000,'한빛미디어','2016-08-10','미샤 고렐릭|이안 오스발트','https://bookthumb-phinf.pstatic.net/cover/109/105/10910544.jpg?type=m1&udate=20170911',0,'005','0','0','파이썬의 생산성에 컴파일 언어의 성능을 더하다파이썬은 느리다? 이 책 [고성능 파이썬]은 파이썬의 단 하나의 약점, 성능 문제를 해결해주는 다양한 전략을 소개한다. 파이썬의 관점에서 바라보는 컴퓨터 아키텍처와 동작 원리를 기본으로 깔고, 각종 라이브러리의 올바른 활용법, 행렬과 벡터 연산 가속... ',0),('000.new.20.02.13','9791162241998','프로그래밍 면접, 이렇게 준비한다',28000,'한빛 미디어','2019-07-04','존 몽건,노아 킨들러,에릭 기게리','http://www.hanbit.co.kr/data/books/B6503680425_l.jpg',3,'008','0','2',NULL,0),('000.new.20.02.130','9788966261031','실용주의 프로그래머',25000,'인사이트','2014-03-28','앤드류 헌트|데이비드 토머스','https://bookthumb-phinf.pstatic.net/cover/074/671/07467119.jpg?type=m1&udate=20190204',0,'013','0','0','프로그래밍은 대체로 머리로 하는 일이지만 한편으로는 몸에 새겨져야 하고 때로는 그 이상의 통찰을 발휘해야 하는 상황에 맞닥뜨리게 되는 복합적인 작업이다. 인터넷의 등장 이후 베껴 쓸 코드가 넘쳐서 누구나 동등한 조건 아래 개발하는 시대 같지만 이른바 고수와 자칭 초보(라지만 실은 어중간한 경력)의... ',0),('000.new.20.02.131','9791186710081','속 깊은 jQuery (완벽한 자바스크립트 이해를 바탕으로 펼치는 속 깊은 제이쿼리 3.X)',30000,'루비페이퍼','2016-09-01','원형섭','https://bookthumb-phinf.pstatic.net/cover/110/054/11005485.jpg?type=m1&udate=20190706',0,'000','0','1','『속 깊은 JQUERY』은 자바스크립트의 핵심 개념인 클로저, 일급 객체, 스코프 체인, 실행 컨텍스트 등을 완벽히 이해할 수 있도록 철저히 설명한다. 이를 바탕으로 현재 많이 사용되는 JQUERY 기법을 예제와 함께 자세히 다루며 JQUERY를 이용한 애플리케이션의 성능 문제와 코딩 패턴에 대해서도 자세히... ',0),('000.new.20.02.132','9788960772380','Programming Amazon EC2 한국어판 (아마존이 만든 클라우드 컴퓨팅 환경 AWS)',25000,'에이콘출판','2011-10-21','유르흐 판 플리트|플라비아 파가넬리','https://bookthumb-phinf.pstatic.net/cover/067/486/06748690.jpg?type=m1&udate=20111029',0,'013','0','1','『Programming Amazon EC2 한국어판』은 애플리케이션 아키텍트, 개발자, 관리자를 위한 지침서이다. AWS를 처음 시작할 때뿐만 아니라, 클라우드 환경에 서비스가 성공적으로 자리 잡을 수 있을 때까지 많은 도움을 준다. 애플리케이션 라이프사이클 정의와 필요한 AWS 도구를 식별 하고, AWS 구축 방법과... ',0),('000.new.20.02.133','9788966262410','파이썬으로 만드는 OpenCV 프로젝트 (간단한 영상 입출력부터 머신러닝까지)',36000,'인사이트','2019-03-28','이세우','https://bookthumb-phinf.pstatic.net/cover/146/524/14652444.jpg?type=m1&udate=20190326',0,'001','0','2','“개발자에게 딱 필요한 만큼의 이론과 활용 가능한\n프로젝트로 배우는 OPENCV 프로그래밍”\nOPENCV는 영상 처리와 컴퓨터 비전 분야에서 현존하는 가장 영향력 있는 라이브러리이다.\n이 책은 누구나 쉽게 접근할 수 있는 파이썬 언어를 기반으로 기초적인 영상 출력에서부터\n영상 합성과 블렌딩, 컨볼루션... ',0),('000.new.20.02.134','9791195887392','할 수 있다! 퀀트 투자 (초보자도 연복리 20% 벌 수 있는 주식투자 비법)',18000,'에프엔미디어','2017-09-11','강환국','https://bookthumb-phinf.pstatic.net/cover/124/959/12495963.jpg?type=m1&udate=20180619',0,'013','0','2','가장 쉽고 편하게, 안정적으로 고수익 내는 투자 비법&#x0D;수백 편 논문에서 뽑아낸 ‘검증된 퀀트 투자전략’ 공개&#x0D;&#x0D;주식 투자 초보자도 쉽게 따라 하면서 주가지수보다 훨씬 높은 초과수익을 올릴 수 있는 ‘퀀트 투자(quantitative investing, 계량투자) 전략’을 소개하는 책. 주식 투자에 많은 시간을... ',0),('000.new.20.02.135','9788968482021','만들면서 배우는 Git GitHub 입문 (세상의 모든 개발 코드를 공유하고 관리하는 소셜 코딩)',28000,'한빛미디어','2015-08-20','윤웅식','https://bookthumb-phinf.pstatic.net/cover/094/152/09415223.jpg?type=m1&udate=20190204',0,'013','0','3','『GIT GITHUB 입문』은 GIT과 GITHUB를 이용한 버전 관리 시스템을 다루는 방법을 배우는 입문서다. 버전 관리 시스템과 GIT 고유의 명령어 중심으로 GIT의 기본 개념 및 GIT 기반의 대표적인 원격 저장소인 GITHUB에 가입해보고 사용하는 방법을 살펴본다. 또한 개발 환경에서 많이... ',0),('000.new.20.02.136','9788968484636','밑바닥부터 시작하는 딥러닝 (파이썬으로 익히는 딥러닝 이론과 구현)',24000,'한빛미디어','2017-01-03','사이토 고키','https://bookthumb-phinf.pstatic.net/cover/114/923/11492334.jpg?type=m1&udate=20191010',0,'001','0','3','직접 구현하고 움직여보며 익히는 가장 쉬운 딥러닝 입문서!『밑바닥부터 시작하는 딥러닝』은 라이브러리나 프레임워크에 의존하지 않고, 딥러닝의 핵심을 ‘밑바닥부터’ 직접 만들어보며 즐겁게 배울 수 있는 본격 딥러닝 입문서다. 술술 읽힐 만큼 쉽게 설명하였고, 역전파처럼 어려운 내용은 ‘계산... ',0),('000.new.20.02.137','9791187370949','Do it! 쉽게 배우는 R 데이터 분석 (데이터 분석 프로젝트 전 과정 수록!)',20000,'이지스퍼블리싱','2017-07-20','김영우','https://bookthumb-phinf.pstatic.net/cover/122/565/12256508.jpg?type=m1&udate=20190124',0,'001','0','0','통계, 프로그래밍을 1도 몰라도 데이터를 혼자서 다룰 수 있다! \n데이터 분석 프로젝트 전 과정 수록!\n통계, 프로그래밍을 1도 몰라도 데이터를 혼자서 다룰 수 있다! \n데이터 분석 프로젝트 전 과정 수록!\n데이터 분석을 처음 시작한 초보자도 어깨춤을 추며 데이터를 혼자 다룰 수 있게 한다는 강의가 책으로... ',0),('000.new.20.02.138','9791196395711','불친절한 SQL 프로그래밍 (기본 개념에서 고급 기능까지 오라클 SQL의 바이블)',44000,'디비안(DBian)','2018-09-10','정희락','https://bookthumb-phinf.pstatic.net/cover/139/996/13999673.jpg?type=m1&udate=20180907',0,'012','0','0','이미 수많은 SQL 책이 출간되어 있지만 기초적인 내용만 다루는 &quot;친절한&quot; 책이 대부분이다. 기초적인 내용만 다루다 보니 막상 필요한 고급 기능은 인터넷에서 찾아야 하는 아쉬움이 있다. SQL 프로그래밍의 원리와 해법을 다루는, 조금 &quot;불친절한&quot; 책도 필요하겠다는 생각에 이 책을 쓰게 되었다.... ',0),('000.new.20.02.139','9791185890586','리눅스 바이블',46000,'제이펍','2016-09-06','크리스토퍼 네거스','https://bookthumb-phinf.pstatic.net/cover/109/945/10994588.jpg?type=m1&udate=20160911',0,'013','0','1','리눅스 완전 정복을 위한 단계별 튜토리얼!리눅스 사용자를 위한 안내서『리눅스 바이블』. 리눅스 초급자와 중급자 모두가 한 단계 더 발전할 수 있는 지식과 기술을 제공한다. 저자 크리스토퍼 네거스는 이 책에서 커맨드라인 도구에 초점을 맞춰 레드햇 엔터프라이즈 리눅스, 페도라, 우분투 등 최신 리눅스를... ',0),('000.new.20.02.14','9791162241998','프로그래밍 면접, 이렇게 준비한다',28000,'한빛 미디어','2019-07-04','존 몽건,노아 킨들러,에릭 기게리','http://www.hanbit.co.kr/data/books/B6503680425_l.jpg',0,'008','0','2',NULL,0),('000.new.20.02.140','9788966261635','RESTful Web API (웹 API를 위한 모범 전략 가이드)',32000,'인사이트','2015-09-09','레오나르드 리처드슨|마이크 애먼슨|샘 루비','https://bookthumb-phinf.pstatic.net/cover/095/203/09520318.jpg?type=m1&udate=20171016',0,'000','0','1','[RESTFUL WEB API]는 시간이 지나도 유용한 REST API를 설계할 수 있는 실전적인 가이드를 제시한다. 이 책을 통해 REST의 개념을 살펴보고 하이퍼미디어 기반 API를 만드는 서로 다른 전략을 배우며 모든 내용을 종합해 단계별로 RESTFUL 웹 API를 설계하게 될 것이다.',0),('000.new.20.02.141','9791160505221','Node.js 교과서',32000,'길벗','2018-08-01','조현영','http://bimage.interpark.com/goods_image/2/9/7/3/289052973g.jpg',0,'000','0','2',NULL,0),('000.new.20.02.142','9788960774919','테스트 주도 iOS 애플리케이션 개발',30000,'에이콘출판','2013-11-20','그레이엄 리','https://bookthumb-phinf.pstatic.net/cover/073/401/07340149.jpg?type=m1&udate=20190204',0,'000','0','2','처음 요구사항 정의부터 완전히 작동하는 상태까지 테스트 주도 개발 방법론으로 iOS 앱을 한 단계, 한 단계씩 만드는 과정을 설명하면서 테스트 주도 개발에 대한 기본적인 이해도를 높여준다. 앱을 완성하는 단계를 마친 이후 개발을 하고 있는 팀의 고민인 테스트가 없는 기존 프로젝트에 테스트 주도 개발... ',0),('000.new.20.02.143','9788966262281','이펙티브 자바 (Effective Java)',36000,'인사이트','2018-11-01','조슈아 블로크','https://bookthumb-phinf.pstatic.net/cover/140/975/14097515.jpg?type=m1&udate=20181023',0,'005','0','3','자바 플랫폼 모범 사례 완벽 가이드 - JAVA 7, 8, 9 대응자바 6 출시 직후 출간된 『이펙티브 자바 2판』 이후로 자바는 커다란 변화를 겪었다. 그래서 졸트상에 빛나는 이 책도 자바 언어와 라이브러리의 최신 기능을 십분 활용하도록 내용 전반을 철저히 다시 썼다. 모던 자바가 여러 패러다임을... ',0),('000.new.20.02.144','9791163030843','Do it! 코틀린 프로그래밍',30000,'이지스퍼블리싱','2019-05-28','황영덕','https://bookthumb-phinf.pstatic.net/cover/150/005/15000572.jpg?type=m1&udate=20190625',0,'005','0','3',NULL,0),('000.new.20.02.145','9791162242261','파이썬 웹프로그래밍 실전편 (Django장고를 활용한 쉽고 빠른 웹 개발)',32000,'한빛미디어','2019-11-01','김석훈','https://bookthumb-phinf.pstatic.net/cover/156/546/15654623.jpg?type=m1&udate=20191202',0,'005','0','0','이 책이 제시하는 핵심 내용\n장고 프레임워크를 사용해서 상용화 수준의 앱을 만들고, 앱의 기능을 확장하고, 클라우드 서버에서 배포하는 것까지 다룬다.',0),('000.new.20.02.146','9791156642428','IT CookBook, 컴퓨터 사이언스',24000,'한빛아카데미','2015-12-31','이동명|권오현|고정국','https://bookthumb-phinf.pstatic.net/cover/100/176/10017685.jpg?type=m1&udate=20180321',0,'013','0','0','컴퓨터 과학의 전반적인 내용을 교양 수준에서 설명하는 책으로, 이제 막 대학에 입학한 신입생과 이 분야에 관심이 있는 일반 독자를 대상으로 한다. 컴퓨터의 가장 기본인 0과 1의 비트 표현에서부터 모바일, 빅데이터, 사물인터넷까지 IT 기술의 최신 동향을 다양한 사례와 적절한 그림으로 설명한다. 자칫... ',0),('000.new.20.02.147','9788960778818','클린 코더 (단순 기술자에서 진정한 소프트웨어 장인이 되기까지)',25000,'에이콘출판','2016-07-20','로버트 마틴','https://bookthumb-phinf.pstatic.net/cover/107/710/10771065.jpg?type=m1&udate=20160721',0,'005','0','1','[클린 코더]는 세계적으로 유명한 프로그래머 \'밥 아저씨\' 로버트 마틴이 쓴 책으로, 프로 개발자가 되는 길을 알려준다. 수십 년의 경험을 바탕으로 장인 정신, 실천 기법, 도구뿐만 아니라 프로가 가져야 할 마음가짐과 태도를 알려준다. 빡빡한 일정으로 인한 압박을 견디고 비이성적인 사람들과 대화하고 진창에... ',0),('000.new.20.02.148','9791163030034','Do it! 자바스크립트 + 제이쿼리 입문 (155개 예제로 기본 잡고, 반응형 웹부터 실무 활용 플러그인까지!)',20000,'이지스퍼블리싱','2018-04-06','정인용','https://bookthumb-phinf.pstatic.net/cover/134/575/13457579.jpg?type=m1&udate=20191029',0,'000','0','1','4년 연속 베스트셀러! 전면 개정판으로 출간!\n자바스크립트, 제이쿼리의 기본부터 실전에 필요한 핵심까지 모두 담았다!\n‘두잇 시리즈 최고 작품’이라 평가받은 책! 전면 개정판으로 더욱 알차게 만들었습니다! 이제는 웹 개발자뿐만 아니라 웹 퍼블리셔와 디자이너에게도 코딩 능력이 필요한 시대!... ',0),('000.new.20.02.149','9791188612789','Do it! Vue.js 입문',15000,'이지스퍼블리싱','2018-01-27','장기효','https://bookthumb-phinf.pstatic.net/cover/132/566/13256615.jpg?type=m1&udate=20180804',0,'000','0','2','Vue.js 현업 개발자이자 국내 최초 Vue.js 전문 강사의 핵심 노하우 대공개! &#x0D;실무자 3일 완성! 입문자 7일 완성! 바쁜 개발자의 시간 절약 입문서! &#x0D;&#x0D;실무의 정글 속에서 살아남기 위한 실전 예제형 Vue.js 입문서! 이 책은 Vue.js 실무 개발 경험을 바탕으로 입문자 대상 강의를 수차례 진행해... ',0),('000.new.20.02.15','9791162241998','프로그래밍 면접, 이렇게 준비한다',28000,'한빛 미디어','2019-07-04','존 몽건,노아 킨들러,에릭 기게리','http://www.hanbit.co.kr/data/books/B6503680425_l.jpg',2,'008','0','3',NULL,0),('000.new.20.02.150','9791160508802','리얼월드 알고리즘',32000,'길벗','2019-08-26','파노스 루리다스','https://bookthumb-phinf.pstatic.net/cover/153/711/15371179.jpg?type=m1&udate=20190925',2,'006','3','0',NULL,0),('000.new.20.02.151','9791160508802','리얼월드 알고리즘',32000,'길벗','2019-08-26','파노스 루리다스','https://bookthumb-phinf.pstatic.net/cover/153/711/15371179.jpg?type=m1&udate=20190925',4,'006','3','0',NULL,0),('000.new.20.02.152','9791162241998','프로그래밍 면접, 이렇게 준비한다',28000,'한빛 미디어','2019-07-04','존 몽건,노아 킨들러,에릭 기게리','http://www.hanbit.co.kr/data/books/B6503680425_l.jpg',0,'008','3','0',NULL,0),('000.new.20.02.153','9791162241998','프로그래밍 면접, 이렇게 준비한다',28000,'한빛 미디어','2019-07-04','존 몽건,노아 킨들러,에릭 기게리','http://www.hanbit.co.kr/data/books/B6503680425_l.jpg',2,'008','3','0',NULL,0),('000.new.20.02.154','9791162241950','파이썬을 활용한 머신러닝 쿡북',33000,'한빛 미디어','2019-08-20','크리스 알본','http://bimage.interpark.com/goods_image/0/2/1/7/314940217g.jpg',0,'001','3','0',NULL,0),('000.new.20.02.155','9791162241950','파이썬을 활용한 머신러닝 쿡북',33000,'한빛 미디어','2019-08-20','크리스 알본','http://bimage.interpark.com/goods_image/0/2/1/7/314940217g.jpg',0,'001','3','0',NULL,0),('000.new.20.02.156','9791162241974','김기현의 자연어 처리 딥러닝 캠프(파이토치 편)',38000,'한빛 미디어','2019-07-01','김기현','http://www.hanbit.co.kr/data/books/B1294694476_l.jpg',0,'001','3','0',NULL,0),('000.new.20.02.157','9791162241974','김기현의 자연어 처리 딥러닝 캠프(파이토치 편)',38000,'한빛 미디어','2019-07-01','김기현','http://www.hanbit.co.kr/data/books/B1294694476_l.jpg',0,'001','3','0',NULL,0),('000.new.20.02.158','9791158390938','파이썬으로 배우는 데이터 과학 입문과 실습',27000,'위키북스','2018-02-13','데이비 실린, 아르노 메이즈맨, 모하메드 알리','http://bimage.interpark.com/goods_image/1/1/8/8/279001188g.jpg',0,'001','3','0',NULL,0),('000.new.20.02.159','9791158390938','파이썬으로 배우는 데이터 과학 입문과 실습',27000,'위키북스','2018-02-13','데이비 실린, 아르노 메이즈맨, 모하메드 알리','http://bimage.interpark.com/goods_image/1/1/8/8/279001188g.jpg',0,'001','3','0',NULL,0),('000.new.20.02.16','9791162241950','파이썬을 활용한 머신러닝 쿡북',33000,'한빛 미디어','2019-08-20','크리스 알본','http://bimage.interpark.com/goods_image/0/2/1/7/314940217g.jpg',0,'001','0','3',NULL,0),('000.new.20.02.160','9791162242179','예제로 배우는 블록체인',36000,'한빛 미디어','2019-08-19','벨라이 바드로, 리처드 호룩스, 쉰(브라이언) 우','http://bimage.interpark.com/goods_image/7/9/8/5/314867985g.jpg',0,'003','3','0',NULL,0),('000.new.20.02.161','9791162242179','예제로 배우는 블록체인',36000,'한빛 미디어','2019-08-19','벨라이 바드로, 리처드 호룩스, 쉰(브라이언) 우','http://bimage.interpark.com/goods_image/7/9/8/5/314867985g.jpg',0,'003','3','0',NULL,0),('000.new.20.02.162','9788966260959','Clean Code 클린 코드',33000,'인사이트','2013-12-24','로버드 C. 마틴','https://bookthumb-phinf.pstatic.net/cover/073/902/07390287.jpg?type=m1&udate=20190426',0,'007','3','0',NULL,0),('000.new.20.02.163','9788966260959','Clean Code 클린 코드',33000,'인사이트','2013-12-24','로버드 C. 마틴','https://bookthumb-phinf.pstatic.net/cover/073/902/07390287.jpg?type=m1&udate=20190426',0,'007','3','0',NULL,0),('000.new.20.02.164','9788956747903','완벽한 IT 인프라 구축을 위한 Docker (2판)',17000,'정보 문화사','2018-10-01','Asa Shiho','https://image.aladin.co.kr/product/9256/8/cover500/8956747016_1.jpg',0,'009','3','0',NULL,0),('000.new.20.02.165','9788956747903','완벽한 IT 인프라 구축을 위한 Docker (2판)',17000,'정보 문화사','2018-10-01','Asa Shiho','https://image.aladin.co.kr/product/9256/8/cover500/8956747016_1.jpg',0,'009','3','0',NULL,0),('000.new.20.02.166','9791158391508','Vue.js 철저 입문',30000,'위키북스','2019-04-29','카와구치 카즈야, 키타 케이스케, 노다 요헤이, 테지마 타쿠야, 카타야마 신야','https://bookthumb-phinf.pstatic.net/cover/147/966/14796608.jpg?type=m1&udate=20190419',0,'010','3','0',NULL,0),('000.new.20.02.167','9791158391508','Vue.js 철저 입문',30000,'위키북스','2019-04-29','카와구치 카즈야, 키타 케이스케, 노다 요헤이, 테지마 타쿠야, 카타야마 신야','https://bookthumb-phinf.pstatic.net/cover/147/966/14796608.jpg?type=m1&udate=20190419',0,'010','3','0',NULL,0),('000.new.20.02.168','9791160508796','리액트를 다루는 기술',42000,'길벗','2019-08-31','김민준','http://bimage.interpark.com/goods_image/6/8/8/0/315016880g.jpg',0,'011','3','0',NULL,0),('000.new.20.02.169','9791160508796','리액트를 다루는 기술',42000,'길벗','2019-08-31','김민준','http://bimage.interpark.com/goods_image/6/8/8/0/315016880g.jpg',0,'011','3','0',NULL,0),('000.new.20.02.17','9791162241950','파이썬을 활용한 머신러닝 쿡북',33000,'한빛 미디어','2019-08-20','크리스 알본','http://bimage.interpark.com/goods_image/0/2/1/7/314940217g.jpg',0,'001','0','0',NULL,0),('000.new.20.02.170','9791163030911','Do it! 점프 투 파이썬',18800,'이지스퍼블리싱','2019-06-20','박응용','https://bookthumb-phinf.pstatic.net/cover/150/529/15052904.jpg?type=m1&udate=20191205',0,'005','3','0','파이썬 4년 연속 베스트셀러 1위! ★★★★\n《Do it! 점프 투 파이썬》 전면 개정판 출시!\n문과생도 중고등학생도 직장인도 프로그래밍에 눈뜨게 만든 바로 그 책이 전면 개정판으로 새로 태어났다! 2016년 《Do it! 점프 투 파이썬》으로 출간되었던 이 책은 약 4년 동안의 피드백을 반영하여 초보자가 더 빠르게... ',0),('000.new.20.02.171','9791163030911','Do it! 점프 투 파이썬',18800,'이지스퍼블리싱','2019-06-20','박응용','https://bookthumb-phinf.pstatic.net/cover/150/529/15052904.jpg?type=m1&udate=20191205',0,'005','3','0',NULL,0),('000.new.20.02.172','9791190014267','인공지능 보안을 배우다 (프로젝트로 익히는 정보 보안과 머신러닝)',32000,'비제이퍼블릭','2019-04-26','서준석','https://bookthumb-phinf.pstatic.net/cover/147/413/14741383.jpg?type=m1&udate=20190509',0,'001','3','0','프로젝트로 익히는 정보 보안과 머신러닝\n인공지능 시대의 정보 보안 분야 필독서바야흐로 ‘인공지능의 시대’가 도래했다. 모든 사람이 인공지능을 이야기하고, 사람들의 일상생활 깊숙한 곳까지 인공지능 기술이 스며들고 있다. 혹자는 가까운 미래에 인공지능이 인류의 존재를 위협할 것이라 두려워하고... ',0),('000.new.20.02.173','9791161752495','컴퓨터 보안 (머신 러닝을 활용한)',40000,'에이콘출판','2019-01-02','클라렌스 치오|데이비드 프리먼','https://bookthumb-phinf.pstatic.net/cover/143/739/14373989.jpg?type=m1&udate=20191010',0,'001','3','0','2019년 대한민국학술원 우수학술도서 선정도서\n\n컴퓨터 보안 문제를 해결하기 위해 활용할 수 있는 여러 머신 러닝 기술을 다루고 있는 실무 지침서다. 침입 탐지, 악성 코드 분류, 네트워크 분석 컴퓨터 보안 분야에서 계속 연구되고 있는 분야에 대해 소개하며, 최신 연구 주제인 머신 러닝 모델을 공격하기 위한... ',0),('000.new.20.02.174','9791162241639','파이썬으로 웹 크롤러 만들기 (초간단 나만의 웹 크롤러로 원하는 데이터를 가져오는 방법)',25000,'한빛미디어','2019-03-29','라이언 미첼','https://bookthumb-phinf.pstatic.net/cover/146/494/14649485.jpg?type=m1&udate=20200113',0,'000','3','0',NULL,0),('000.new.20.02.175','9791196203726','카프카, 데이터 플랫폼의 최강자 (실시간 비동기 스트리밍 솔루션 Kafka의 기본부터 확장 응용까지)',30000,'책만','2018-04-26','고승범|공용준','https://bookthumb-phinf.pstatic.net/cover/135/400/13540082.jpg?type=m1&udate=20190215',0,'001','3','0','데이터 플랫폼의 핵심 컴포넌트로 각광받고 있는, 이벤트 기반 비동기 아키텍처를 위한 고가용성 실시간 분산 스트리밍 솔루션 카프카(Kafka)의 모든 것!\n\n국내 최대 모바일 플랫폼 회사인 카카오에서 \'전사 공용 카프카\' 서비스를 운영하고, 데이터 파이프라인과 빅데이터 플랫폼을 구축한 저자들의 풍부한 지식... ',0),('000.new.20.02.176','9791161753263','Kafka Streams in Action (카프카 스트림즈 API로 만드는 실시간 애플리케이션)',30000,'에이콘출판','2019-07-12','빌 베젝','https://bookthumb-phinf.pstatic.net/cover/150/736/15073655.jpg?type=m1&udate=20190709',0,'001','3','0','스트림 처리를 원하는 모든 개발자를 위한 책이다. 카프카 스트림즈 API로 스트림 처리 프로그램을 빠르고 쉽게 만드는 것부터 시작해서 프로세서 API로 저수준 제어가 가능한 스트림 처리 프로그램도 만들어 본다. 카프카 커넥트를 사용해 기존 데이터소스를 얼마나 쉽게 스트림에 연결할 수 있는지도... ',0),('000.new.20.02.177','9788966187935','아마존 웹 서비스를 다루는 기술',42000,'길벗','2014-09-30','이재홍','http://pyrasis.com/assets/images/TheArtOfAmazonWebServices/TheArtOfAmazonWebServices3d.png',0,'000','3','0',NULL,0),('000.new.20.02.178','9791190014397','커피 한 잔 마시며 끝내는 Vue.JS (Vue.JS를 통해 실전 애플리케이션 구축하기)',30000,'비제이퍼블릭','2019-07-31','김영훈|문동욱','https://bookthumb-phinf.pstatic.net/cover/152/029/15202990.jpg?type=m1&udate=20191024',0,'010','3','0','Vue.JS를 통해 실전 애플리케이션 구축하기\n\n이 책에서는 Vue.JS에 대한 API뿐만 아니라 어떻게 활용하면 되는지에 대해 효과적으로 설명한다. 이러한 활용 예제는 실전 애플리케이션을 구축해나가는 과정을 통해 쉽고 효과적으로 학습한다. 그뿐만 아니라 실전 애플리케이션을 구축해나가는... ',0),('000.new.20.02.179','9791186886892','안드로이드 with Kotlin 앱 프로그래밍 가이드 (안드로이드 9.0 파이, 자바+코틀린 APP 개발 필독서)',40000,'아이콕스','2019-01-12','안귀정','https://bookthumb-phinf.pstatic.net/cover/144/276/14427638.jpg?type=m1&udate=20190328',0,'000','3','0','자바와 코틀린으로 직접 구현하며 익히는 실전형 앱 프로그래밍 완벽 가이드!\n안드로이드 9.0 파이(Pie), Java+Kotlin, 안드로이드 스튜디오 3.2, 실전형 앱 프로젝트\n로또번호생성기, 퀴즈잠금화면앱, 펀치력측정앱, 서울시화장실찾기앱, 익명SNS앱 등\n\n“이런 앱이 있다면 좋지 않을까?”라는 가장 기본적인... ',0),('000.new.20.02.18','9791162241950','파이썬을 활용한 머신러닝 쿡북',33000,'한빛 미디어','2019-08-20','크리스 알본','http://bimage.interpark.com/goods_image/0/2/1/7/314940217g.jpg',0,'001','0','0',NULL,0),('000.new.20.02.180','9791162241035','스프링 5 레시피',60000,'한빛 미디어','2018-09-01','마틴 데니엄(Marten Deinum) , 다니엘 루비오(Daniel Rubio) , 조시 롱(Josh Long)','http://www.hanbit.co.kr/data/books/B3859466837_l.jpg',0,'000','3','0',NULL,0),('000.new.20.02.181','9791162241035','스프링 5 레시피',60000,'한빛 미디어','2018-09-01','마틴 데니엄(Marten Deinum) , 다니엘 루비오(Daniel Rubio) , 조시 롱(Josh Long)','http://www.hanbit.co.kr/data/books/B3859466837_l.jpg',0,'000','3','0',NULL,0),('000.new.20.02.182','9791162242261','파이썬 웹프로그래밍 실전편 (Django장고를 활용한 쉽고 빠른 웹 개발)',32000,'한빛미디어','2019-11-01','김석훈','https://bookthumb-phinf.pstatic.net/cover/156/546/15654623.jpg?type=m1&udate=20191202',0,'000','3','0',NULL,0),('000.new.20.02.183','9788966261208','HTTP 완벽 가이드 (웹은 어떻게 동작하는가)',39000,'인사이트','2014-12-15','데이빗 고울리|브라이언 토티|마조리 세이어|세일루 레디|안슈 아가왈','https://bookthumb-phinf.pstatic.net/cover/085/099/08509980.jpg?type=m1&udate=20151019',0,'000','2','0',NULL,0),('000.new.20.02.184','9788966261208','HTTP 완벽 가이드 (웹은 어떻게 동작하는가)',39000,'인사이트','2014-12-15','데이빗 고울리|브라이언 토티|마조리 세이어|세일루 레디|안슈 아가왈','https://bookthumb-phinf.pstatic.net/cover/085/099/08509980.jpg?type=m1&udate=20151019',0,'000','2','0',NULL,0),('000.new.20.02.185','9791160509229','Vue.js 코딩 공작소',24000,'길벗','2019-09-20','에릭 한쳇, 벤자민 리스트원','https://bookthumb-phinf.pstatic.net/cover/154/765/15476504.jpg?type=m1&udate=20191106',0,'010','2','0',NULL,0),('000.new.20.02.186','9791160509229','Vue.js 코딩 공작소',24000,'길벗','2019-09-20','에릭 한쳇, 벤자민 리스트원','https://bookthumb-phinf.pstatic.net/cover/154/765/15476504.jpg?type=m1&udate=20191106',0,'010','2','0',NULL,0),('000.new.20.02.187','9791160509229','Vue.js 코딩 공작소',24000,'길벗','2019-09-20','에릭 한쳇, 벤자민 리스트원','https://bookthumb-phinf.pstatic.net/cover/154/765/15476504.jpg?type=m1&udate=20191106',0,'010','2','0',NULL,0),('000.new.20.02.188','9788960882720','aws 클라우드 기반의 django 웹 애플리케이션',28000,'디지털북스','2019-09-10','신성진','https://bookthumb-phinf.pstatic.net/cover/154/318/15431853.jpg?type=m1&udate=20190911',0,'013','2','0',NULL,0),('000.new.20.02.189','9791160508802','리얼월드 알고리즘',32000,'길벗','2019-08-26','파노스 루리다스','https://bookthumb-phinf.pstatic.net/cover/153/711/15371179.jpg?type=m1&udate=20190925',6,'006','2','0',NULL,0),('000.new.20.02.19','9791162241950','파이썬을 활용한 머신러닝 쿡북',33000,'한빛 미디어','2019-08-20','크리스 알본','http://bimage.interpark.com/goods_image/0/2/1/7/314940217g.jpg',0,'001','0','1',NULL,0),('000.new.20.02.190','9791160508802','리얼월드 알고리즘',32000,'길벗','2019-08-26','파노스 루리다스','https://bookthumb-phinf.pstatic.net/cover/153/711/15371179.jpg?type=m1&udate=20190925',1,'006','2','0',NULL,0),('000.new.20.02.191','9791162241998','프로그래밍 면접, 이렇게 준비한다',28000,'한빛 미디어','2019-07-04','존 몽건,노아 킨들러,에릭 기게리','http://www.hanbit.co.kr/data/books/B6503680425_l.jpg',2,'008','2','0',NULL,0),('000.new.20.02.192','9791162241998','프로그래밍 면접, 이렇게 준비한다',28000,'한빛 미디어','2019-07-04','존 몽건,노아 킨들러,에릭 기게리','http://www.hanbit.co.kr/data/books/B6503680425_l.jpg',2,'008','2','0',NULL,0),('000.new.20.02.193','9791162241950','파이썬을 활용한 머신러닝 쿡북',33000,'한빛 미디어','2019-08-20','크리스 알본','http://bimage.interpark.com/goods_image/0/2/1/7/314940217g.jpg',0,'001','2','0',NULL,0),('000.new.20.02.194','9791162241950','파이썬을 활용한 머신러닝 쿡북',33000,'한빛 미디어','2019-08-20','크리스 알본','http://bimage.interpark.com/goods_image/0/2/1/7/314940217g.jpg',0,'001','2','0',NULL,0),('000.new.20.02.195','9791162241974','김기현의 자연어 처리 딥러닝 캠프(파이토치 편)',38000,'한빛 미디어','2019-07-01','김기현','http://www.hanbit.co.kr/data/books/B1294694476_l.jpg',0,'001','2','0',NULL,0),('000.new.20.02.196','9791162241974','김기현의 자연어 처리 딥러닝 캠프(파이토치 편)',38000,'한빛 미디어','2019-07-01','김기현','http://www.hanbit.co.kr/data/books/B1294694476_l.jpg',0,'001','2','0',NULL,0),('000.new.20.02.197','9791158390938','파이썬으로 배우는 데이터 과학 입문과 실습',27000,'위키북스','2018-02-13','데이비 실린, 아르노 메이즈맨, 모하메드 알리','http://bimage.interpark.com/goods_image/1/1/8/8/279001188g.jpg',0,'001','2','0',NULL,0),('000.new.20.02.198','9791158390938','파이썬으로 배우는 데이터 과학 입문과 실습',27000,'위키북스','2018-02-13','데이비 실린, 아르노 메이즈맨, 모하메드 알리','http://bimage.interpark.com/goods_image/1/1/8/8/279001188g.jpg',0,'001','2','0',NULL,0),('000.new.20.02.199','9791162242179','예제로 배우는 블록체인',36000,'한빛 미디어','2019-08-19','벨라이 바드로, 리처드 호룩스, 쉰(브라이언) 우','http://bimage.interpark.com/goods_image/7/9/8/5/314867985g.jpg',0,'003','2','0',NULL,0),('000.new.20.02.2','9791160508802','리얼월드 알고리즘',32000,'길벗','2019-08-26','파노스 루리다스','https://bookthumb-phinf.pstatic.net/cover/153/711/15371179.jpg?type=m1&udate=20190925',3,'006','0','0',NULL,0),('000.new.20.02.20','9791162241950','파이썬을 활용한 머신러닝 쿡북',33000,'한빛 미디어','2019-08-20','크리스 알본','http://bimage.interpark.com/goods_image/0/2/1/7/314940217g.jpg',0,'001','0','1',NULL,0),('000.new.20.02.200','9791162242179','예제로 배우는 블록체인',36000,'한빛 미디어','2019-08-19','벨라이 바드로, 리처드 호룩스, 쉰(브라이언) 우','http://bimage.interpark.com/goods_image/7/9/8/5/314867985g.jpg',0,'003','2','0',NULL,0),('000.new.20.02.201','9788966260959','Clean Code 클린 코드',33000,'인사이트','2013-12-24','로버드 C. 마틴','https://bookthumb-phinf.pstatic.net/cover/073/902/07390287.jpg?type=m1&udate=20190426',0,'007','2','0',NULL,0),('000.new.20.02.202','9788966260959','Clean Code 클린 코드',33000,'인사이트','2013-12-24','로버드 C. 마틴','https://bookthumb-phinf.pstatic.net/cover/073/902/07390287.jpg?type=m1&udate=20190426',0,'007','2','0',NULL,0),('000.new.20.02.203','9788956747903','완벽한 IT 인프라 구축을 위한 Docker (2판)',17000,'정보 문화사','2018-10-01','Asa Shiho','https://image.aladin.co.kr/product/9256/8/cover500/8956747016_1.jpg',0,'009','2','0',NULL,0),('000.new.20.02.204','9788956747903','완벽한 IT 인프라 구축을 위한 Docker (2판)',17000,'정보 문화사','2018-10-01','Asa Shiho','https://image.aladin.co.kr/product/9256/8/cover500/8956747016_1.jpg',0,'009','2','0',NULL,0),('000.new.20.02.205','9791158391508','Vue.js 철저 입문',30000,'위키북스','2019-04-29','카와구치 카즈야, 키타 케이스케, 노다 요헤이, 테지마 타쿠야, 카타야마 신야','https://bookthumb-phinf.pstatic.net/cover/147/966/14796608.jpg?type=m1&udate=20190419',0,'010','2','0',NULL,0),('000.new.20.02.206','9791158391508','Vue.js 철저 입문',30000,'위키북스','2019-04-29','카와구치 카즈야, 키타 케이스케, 노다 요헤이, 테지마 타쿠야, 카타야마 신야','https://bookthumb-phinf.pstatic.net/cover/147/966/14796608.jpg?type=m1&udate=20190419',0,'010','2','0',NULL,0),('000.new.20.02.207','9791160508796','리액트를 다루는 기술',42000,'길벗','2019-08-31','김민준','http://bimage.interpark.com/goods_image/6/8/8/0/315016880g.jpg',0,'011','2','0',NULL,0),('000.new.20.02.208','9791160508796','리액트를 다루는 기술',42000,'길벗','2019-08-31','김민준','http://bimage.interpark.com/goods_image/6/8/8/0/315016880g.jpg',0,'011','2','0',NULL,0),('000.new.20.02.209','9791163030911','Do it! 점프 투 파이썬',18800,'이지스퍼블리싱','2019-06-20','박응용','https://bookthumb-phinf.pstatic.net/cover/150/529/15052904.jpg?type=m1&udate=20191205',0,'000','2','0',NULL,0),('000.new.20.02.21','9791162241950','파이썬을 활용한 머신러닝 쿡북',33000,'한빛 미디어','2019-08-20','크리스 알본','http://bimage.interpark.com/goods_image/0/2/1/7/314940217g.jpg',0,'001','0','2',NULL,0),('000.new.20.02.210','9791163030911','Do it! 점프 투 파이썬',18800,'이지스퍼블리싱','2019-06-20','박응용','https://bookthumb-phinf.pstatic.net/cover/150/529/15052904.jpg?type=m1&udate=20191205',0,'000','2','0',NULL,0),('000.new.20.02.22','9791162241950','파이썬을 활용한 머신러닝 쿡북',33000,'한빛 미디어','2019-08-20','크리스 알본','http://bimage.interpark.com/goods_image/0/2/1/7/314940217g.jpg',0,'001','0','2',NULL,0),('000.new.20.02.23','9791162241950','파이썬을 활용한 머신러닝 쿡북',33000,'한빛 미디어','2019-08-20','크리스 알본','http://bimage.interpark.com/goods_image/0/2/1/7/314940217g.jpg',0,'001','0','3',NULL,0),('000.new.20.02.24','9791162241974','김기현의 자연어 처리 딥러닝 캠프(파이토치 편)',38000,'한빛 미디어','2019-07-01','김기현','http://www.hanbit.co.kr/data/books/B1294694476_l.jpg',0,'001','0','3',NULL,0),('000.new.20.02.25','9791162241974','김기현의 자연어 처리 딥러닝 캠프(파이토치 편)',38000,'한빛 미디어','2019-07-01','김기현','http://www.hanbit.co.kr/data/books/B1294694476_l.jpg',0,'001','0','0',NULL,0),('000.new.20.02.26','9791162241974','김기현의 자연어 처리 딥러닝 캠프(파이토치 편)',38000,'한빛 미디어','2019-07-01','김기현','http://www.hanbit.co.kr/data/books/B1294694476_l.jpg',0,'001','0','0',NULL,0),('000.new.20.02.27','9791162241974','김기현의 자연어 처리 딥러닝 캠프(파이토치 편)',38000,'한빛 미디어','2019-07-01','김기현','http://www.hanbit.co.kr/data/books/B1294694476_l.jpg',0,'001','0','1',NULL,0),('000.new.20.02.28','9791162241974','김기현의 자연어 처리 딥러닝 캠프(파이토치 편)',38000,'한빛 미디어','2019-07-01','김기현','http://www.hanbit.co.kr/data/books/B1294694476_l.jpg',0,'001','0','1',NULL,0),('000.new.20.02.29','9791162241974','김기현의 자연어 처리 딥러닝 캠프(파이토치 편)',38000,'한빛 미디어','2019-07-01','김기현','http://www.hanbit.co.kr/data/books/B1294694476_l.jpg',0,'001','0','2',NULL,0),('000.new.20.02.3','9791160508802','리얼월드 알고리즘',32000,'길벗','2019-08-26','파노스 루리다스','https://bookthumb-phinf.pstatic.net/cover/153/711/15371179.jpg?type=m1&udate=20190925',0,'006','0','1',NULL,0),('000.new.20.02.30','9791162241974','김기현의 자연어 처리 딥러닝 캠프(파이토치 편)',38000,'한빛 미디어','2019-07-01','김기현','http://www.hanbit.co.kr/data/books/B1294694476_l.jpg',0,'001','0','2',NULL,0),('000.new.20.02.31','9791162241974','김기현의 자연어 처리 딥러닝 캠프(파이토치 편)',38000,'한빛 미디어','2019-07-01','김기현','http://www.hanbit.co.kr/data/books/B1294694476_l.jpg',0,'001','0','3',NULL,0),('000.new.20.02.32','9791158390938','파이썬으로 배우는 데이터 과학 입문과 실습',27000,'위키북스','2018-02-13','데이비 실린, 아르노 메이즈맨, 모하메드 알리','http://bimage.interpark.com/goods_image/1/1/8/8/279001188g.jpg',0,'001','0','3',NULL,0),('000.new.20.02.33','9791158390938','파이썬으로 배우는 데이터 과학 입문과 실습',27000,'위키북스','2018-02-13','데이비 실린, 아르노 메이즈맨, 모하메드 알리','http://bimage.interpark.com/goods_image/1/1/8/8/279001188g.jpg',0,'001','0','0',NULL,0),('000.new.20.02.34','9791158390938','파이썬으로 배우는 데이터 과학 입문과 실습',27000,'위키북스','2018-02-13','데이비 실린, 아르노 메이즈맨, 모하메드 알리','http://bimage.interpark.com/goods_image/1/1/8/8/279001188g.jpg',0,'001','0','0',NULL,0),('000.new.20.02.35','9791158390938','파이썬으로 배우는 데이터 과학 입문과 실습',27000,'위키북스','2018-02-13','데이비 실린, 아르노 메이즈맨, 모하메드 알리','http://bimage.interpark.com/goods_image/1/1/8/8/279001188g.jpg',0,'001','0','1',NULL,0),('000.new.20.02.36','9791158390938','파이썬으로 배우는 데이터 과학 입문과 실습',27000,'위키북스','2018-02-13','데이비 실린, 아르노 메이즈맨, 모하메드 알리','http://bimage.interpark.com/goods_image/1/1/8/8/279001188g.jpg',0,'001','0','1',NULL,0),('000.new.20.02.37','9791158390938','파이썬으로 배우는 데이터 과학 입문과 실습',27000,'위키북스','2018-02-13','데이비 실린, 아르노 메이즈맨, 모하메드 알리','http://bimage.interpark.com/goods_image/1/1/8/8/279001188g.jpg',0,'001','0','2',NULL,0),('000.new.20.02.38','9791158390938','파이썬으로 배우는 데이터 과학 입문과 실습',27000,'위키북스','2018-02-13','데이비 실린, 아르노 메이즈맨, 모하메드 알리','http://bimage.interpark.com/goods_image/1/1/8/8/279001188g.jpg',0,'001','0','2',NULL,0),('000.new.20.02.39','9791158390938','파이썬으로 배우는 데이터 과학 입문과 실습',27000,'위키북스','2018-02-13','데이비 실린, 아르노 메이즈맨, 모하메드 알리','http://bimage.interpark.com/goods_image/1/1/8/8/279001188g.jpg',0,'001','0','3',NULL,0),('000.new.20.02.4','9791160508802','리얼월드 알고리즘',32000,'길벗','2019-08-26','파노스 루리다스','https://bookthumb-phinf.pstatic.net/cover/153/711/15371179.jpg?type=m1&udate=20190925',0,'006','0','1',NULL,0),('000.new.20.02.40','9791162242179','예제로 배우는 블록체인',36000,'한빛 미디어','2019-08-19','벨라이 바드로, 리처드 호룩스, 쉰(브라이언) 우','http://bimage.interpark.com/goods_image/7/9/8/5/314867985g.jpg',0,'003','0','3',NULL,0),('000.new.20.02.41','9791162242179','예제로 배우는 블록체인',36000,'한빛 미디어','2019-08-19','벨라이 바드로, 리처드 호룩스, 쉰(브라이언) 우','http://bimage.interpark.com/goods_image/7/9/8/5/314867985g.jpg',0,'003','0','0',NULL,0),('000.new.20.02.42','9791162242179','예제로 배우는 블록체인',36000,'한빛 미디어','2019-08-19','벨라이 바드로, 리처드 호룩스, 쉰(브라이언) 우','http://bimage.interpark.com/goods_image/7/9/8/5/314867985g.jpg',0,'003','0','0',NULL,0),('000.new.20.02.43','9791162242179','예제로 배우는 블록체인',36000,'한빛 미디어','2019-08-19','벨라이 바드로, 리처드 호룩스, 쉰(브라이언) 우','http://bimage.interpark.com/goods_image/7/9/8/5/314867985g.jpg',0,'003','0','1',NULL,0),('000.new.20.02.44','9791162242179','예제로 배우는 블록체인',36000,'한빛 미디어','2019-08-19','벨라이 바드로, 리처드 호룩스, 쉰(브라이언) 우','http://bimage.interpark.com/goods_image/7/9/8/5/314867985g.jpg',0,'003','0','1',NULL,0),('000.new.20.02.45','9791162242179','예제로 배우는 블록체인',36000,'한빛 미디어','2019-08-19','벨라이 바드로, 리처드 호룩스, 쉰(브라이언) 우','http://bimage.interpark.com/goods_image/7/9/8/5/314867985g.jpg',0,'003','0','2',NULL,0),('000.new.20.02.46','9791162242179','예제로 배우는 블록체인',36000,'한빛 미디어','2019-08-19','벨라이 바드로, 리처드 호룩스, 쉰(브라이언) 우','http://bimage.interpark.com/goods_image/7/9/8/5/314867985g.jpg',0,'003','0','2',NULL,0),('000.new.20.02.47','9791162242179','예제로 배우는 블록체인',36000,'한빛 미디어','2019-08-19','벨라이 바드로, 리처드 호룩스, 쉰(브라이언) 우','http://bimage.interpark.com/goods_image/7/9/8/5/314867985g.jpg',0,'003','0','3',NULL,0),('000.new.20.02.48','9788966260959','Clean Code 클린 코드',33000,'인사이트','2013-12-24','로버드 C. 마틴','https://bookthumb-phinf.pstatic.net/cover/073/902/07390287.jpg?type=m1&udate=20190426',0,'007','0','3',NULL,0),('000.new.20.02.49','9788966260959','Clean Code 클린 코드',33000,'인사이트','2013-12-24','로버드 C. 마틴','https://bookthumb-phinf.pstatic.net/cover/073/902/07390287.jpg?type=m1&udate=20190426',0,'007','0','0',NULL,0),('000.new.20.02.5','9791160508802','리얼월드 알고리즘',32000,'길벗','2019-08-26','파노스 루리다스','https://bookthumb-phinf.pstatic.net/cover/153/711/15371179.jpg?type=m1&udate=20190925',0,'006','0','2',NULL,0),('000.new.20.02.50','9788966260959','Clean Code 클린 코드',33000,'인사이트','2013-12-24','로버드 C. 마틴','https://bookthumb-phinf.pstatic.net/cover/073/902/07390287.jpg?type=m1&udate=20190426',0,'007','0','0',NULL,0),('000.new.20.02.51','9788966260959','Clean Code 클린 코드',33000,'인사이트','2013-12-24','로버드 C. 마틴','https://bookthumb-phinf.pstatic.net/cover/073/902/07390287.jpg?type=m1&udate=20190426',0,'007','0','1',NULL,0),('000.new.20.02.52','9788966260959','Clean Code 클린 코드',33000,'인사이트','2013-12-24','로버드 C. 마틴','https://bookthumb-phinf.pstatic.net/cover/073/902/07390287.jpg?type=m1&udate=20190426',0,'007','0','1',NULL,0),('000.new.20.02.53','9788966260959','Clean Code 클린 코드',33000,'인사이트','2013-12-24','로버드 C. 마틴','https://bookthumb-phinf.pstatic.net/cover/073/902/07390287.jpg?type=m1&udate=20190426',0,'007','0','2',NULL,0),('000.new.20.02.54','9788966260959','Clean Code 클린 코드',33000,'인사이트','2013-12-24','로버드 C. 마틴','https://bookthumb-phinf.pstatic.net/cover/073/902/07390287.jpg?type=m1&udate=20190426',0,'007','0','2',NULL,0),('000.new.20.02.55','9788966260959','Clean Code 클린 코드',33000,'인사이트','2013-12-24','로버드 C. 마틴','https://bookthumb-phinf.pstatic.net/cover/073/902/07390287.jpg?type=m1&udate=20190426',0,'007','0','3',NULL,0),('000.new.20.02.56','9788966260959','Clean Code 클린 코드',33000,'인사이트','2013-12-24','로버드 C. 마틴','https://bookthumb-phinf.pstatic.net/cover/073/902/07390287.jpg?type=m1&udate=20190426',0,'007','0','3',NULL,0),('000.new.20.02.57','9788966260959','Clean Code 클린 코드',33000,'인사이트','2013-12-24','로버드 C. 마틴','https://bookthumb-phinf.pstatic.net/cover/073/902/07390287.jpg?type=m1&udate=20190426',0,'007','0','0',NULL,0),('000.new.20.02.58','9788956747903','완벽한 IT 인프라 구축을 위한 Docker (2판)',17000,'정보 문화사','2018-10-01','Asa Shiho','https://image.aladin.co.kr/product/9256/8/cover500/8956747016_1.jpg',1,'009','0','0',NULL,0),('000.new.20.02.59','9788956747903','완벽한 IT 인프라 구축을 위한 Docker (2판)',17000,'정보 문화사','2018-10-01','Asa Shiho','https://image.aladin.co.kr/product/9256/8/cover500/8956747016_1.jpg',0,'009','0','1',NULL,0),('000.new.20.02.6','9791160508802','리얼월드 알고리즘',32000,'길벗','2019-08-26','파노스 루리다스','https://bookthumb-phinf.pstatic.net/cover/153/711/15371179.jpg?type=m1&udate=20190925',0,'006','0','2',NULL,0),('000.new.20.02.60','9788956747903','완벽한 IT 인프라 구축을 위한 Docker (2판)',17000,'정보 문화사','2018-10-01','Asa Shiho','https://image.aladin.co.kr/product/9256/8/cover500/8956747016_1.jpg',0,'009','0','1',NULL,0),('000.new.20.02.61','9788956747903','완벽한 IT 인프라 구축을 위한 Docker (2판)',17000,'정보 문화사','2018-10-01','Asa Shiho','https://image.aladin.co.kr/product/9256/8/cover500/8956747016_1.jpg',0,'009','0','2',NULL,0),('000.new.20.02.62','9788956747903','완벽한 IT 인프라 구축을 위한 Docker (2판)',17000,'정보 문화사','2018-10-01','Asa Shiho','https://image.aladin.co.kr/product/9256/8/cover500/8956747016_1.jpg',0,'009','0','2',NULL,0),('000.new.20.02.63','9788956747903','완벽한 IT 인프라 구축을 위한 Docker (2판)',17000,'정보 문화사','2018-10-01','Asa Shiho','https://image.aladin.co.kr/product/9256/8/cover500/8956747016_1.jpg',0,'009','0','3',NULL,0),('000.new.20.02.64','9791158391508','Vue.js 철저 입문',30000,'위키북스','2019-04-29','카와구치 카즈야, 키타 케이스케, 노다 요헤이, 테지마 타쿠야, 카타야마 신야','https://bookthumb-phinf.pstatic.net/cover/147/966/14796608.jpg?type=m1&udate=20190419',0,'010','0','3',NULL,0),('000.new.20.02.65','9791158391508','Vue.js 철저 입문',30000,'위키북스','2019-04-29','카와구치 카즈야, 키타 케이스케, 노다 요헤이, 테지마 타쿠야, 카타야마 신야','https://bookthumb-phinf.pstatic.net/cover/147/966/14796608.jpg?type=m1&udate=20190419',0,'010','0','0',NULL,0),('000.new.20.02.66','9791158391508','Vue.js 철저 입문',30000,'위키북스','2019-04-29','카와구치 카즈야, 키타 케이스케, 노다 요헤이, 테지마 타쿠야, 카타야마 신야','https://bookthumb-phinf.pstatic.net/cover/147/966/14796608.jpg?type=m1&udate=20190419',0,'010','0','0',NULL,0),('000.new.20.02.67','9791158391508','Vue.js 철저 입문',30000,'위키북스','2019-04-29','카와구치 카즈야, 키타 케이스케, 노다 요헤이, 테지마 타쿠야, 카타야마 신야','https://bookthumb-phinf.pstatic.net/cover/147/966/14796608.jpg?type=m1&udate=20190419',0,'010','0','1',NULL,0),('000.new.20.02.68','9791158391508','Vue.js 철저 입문',30000,'위키북스','2019-04-29','카와구치 카즈야, 키타 케이스케, 노다 요헤이, 테지마 타쿠야, 카타야마 신야','https://bookthumb-phinf.pstatic.net/cover/147/966/14796608.jpg?type=m1&udate=20190419',0,'010','0','1',NULL,0),('000.new.20.02.69','9791158391508','Vue.js 철저 입문',30000,'위키북스','2019-04-29','카와구치 카즈야, 키타 케이스케, 노다 요헤이, 테지마 타쿠야, 카타야마 신야','https://bookthumb-phinf.pstatic.net/cover/147/966/14796608.jpg?type=m1&udate=20190419',0,'010','0','2',NULL,0),('000.new.20.02.7','9791160508802','리얼월드 알고리즘',32000,'길벗','2019-08-26','파노스 루리다스','https://bookthumb-phinf.pstatic.net/cover/153/711/15371179.jpg?type=m1&udate=20190925',0,'006','0','3',NULL,0),('000.new.20.02.70','9791158391508','Vue.js 철저 입문',30000,'위키북스','2019-04-29','카와구치 카즈야, 키타 케이스케, 노다 요헤이, 테지마 타쿠야, 카타야마 신야','https://bookthumb-phinf.pstatic.net/cover/147/966/14796608.jpg?type=m1&udate=20190419',0,'010','0','2',NULL,0),('000.new.20.02.71','9791160508796','리액트를 다루는 기술',42000,'길벗','2019-08-31','김민준','http://bimage.interpark.com/goods_image/6/8/8/0/315016880g.jpg',0,'011','0','3',NULL,0),('000.new.20.02.72','9791160508796','리액트를 다루는 기술',42000,'길벗','2019-08-31','김민준','http://bimage.interpark.com/goods_image/6/8/8/0/315016880g.jpg',0,'011','0','3',NULL,0),('000.new.20.02.73','9791160508796','리액트를 다루는 기술',42000,'길벗','2019-08-31','김민준','http://bimage.interpark.com/goods_image/6/8/8/0/315016880g.jpg',0,'011','0','0',NULL,0),('000.new.20.02.74','9791160508796','리액트를 다루는 기술',42000,'길벗','2019-08-31','김민준','http://bimage.interpark.com/goods_image/6/8/8/0/315016880g.jpg',0,'011','0','0',NULL,0),('000.new.20.02.75','9791160508796','리액트를 다루는 기술',42000,'길벗','2019-08-31','김민준','http://bimage.interpark.com/goods_image/6/8/8/0/315016880g.jpg',0,'011','0','1',NULL,0),('000.new.20.02.76','9791160508796','리액트를 다루는 기술',42000,'길벗','2019-08-31','김민준','http://bimage.interpark.com/goods_image/6/8/8/0/315016880g.jpg',0,'011','0','1',NULL,0),('000.new.20.02.77','9791160508796','리액트를 다루는 기술',42000,'길벗','2019-08-31','김민준','http://bimage.interpark.com/goods_image/6/8/8/0/315016880g.jpg',0,'011','0','2',NULL,0),('000.new.20.02.78','9791160508796','리액트를 다루는 기술',42000,'길벗','2019-08-31','김민준','http://bimage.interpark.com/goods_image/6/8/8/0/315016880g.jpg',0,'011','0','2',NULL,0),('000.new.20.02.79','9788956748238','아마존 웹 서비스 AWS Discovery Book (클라우드 서비스 개념을 이해하고 직접 구성해보기)',25000,'정보문화사','2019-02-10','권영환','https://bookthumb-phinf.pstatic.net/cover/144/836/14483604.jpg?type=m1&udate=20190216',0,'013','0','3','아마존 웹 서비스(AMAZON WEB SERVICES) 쉽게 따라하기!이 책은 클라우드와 AMAZON WEB SERVICES에 대한 정의와 개념을 이해하는 것부터 시작한다. 전반적으로 서비스가 어떻게 진행되는지 저자의 경험과 실질적으로 사용하는 기술에 대해 이해하고 나면 직접 만들어 볼 수 있다. 책을 보며 따라해 볼 수 있는... ',0),('000.new.20.02.8','9791160508802','리얼월드 알고리즘',32000,'길벗','2019-08-26','파노스 루리다스','https://bookthumb-phinf.pstatic.net/cover/153/711/15371179.jpg?type=m1&udate=20190925',7,'006','0','3',NULL,0),('000.new.20.02.80','9791162241516','레트로의 유니티 게임 프로그래밍 에센스 (소문난 명강의,C#으로 배우는 입문부터 4가지 게임 제작까지)',60000,'한빛미디어','2019-02-20','이제민','https://bookthumb-phinf.pstatic.net/cover/144/873/14487361.jpg?type=m1&udate=20200113',0,'001','0','3','소문난 명강사 ‘레트로’가 게임 개발 입문자에게 보내는 선물 같은 책\n게임을 만드는 ‘완벽한 준비’를 위해 시간을 낭비하지 마세요. 이 책은 기본을 빠르게 익히고 나서 게임을 직접 만들며 필요한 기능을 알아가는 입문 + 활용서로서 여러분의 시간을 아껴줍니다.\nC#을 몰라도, 유니티 엔진을 몰라도 게임을... ',0),('000.new.20.02.81','9791185578408','디지털 영상처리 (OpenCV를 이용한)',33000,'인피니티북스','2019-02-07','천인국','https://bookthumb-phinf.pstatic.net/cover/144/757/14475707.jpg?type=m1&udate=20190208',0,'001','0','0','가장 쉬운 “디지털 영상처리”\nㆍ입문자들을 위해 각종 영상 알고리즘에 대한 내용을 최대한 쉽게, 구체적으로 기술했다.\nㆍ어려운 수식과 설명은 NO! 영상처리의 핵심 내용을 빠르게 학습할 수 있다.\nㆍ독자들이 흥미를 가질 만한 예제를 엄선했고, 실습을 통해 프로그래밍 능력을 기를 수 있다\nㆍ영상처리... ',0),('000.new.20.02.82','9791160505368','SNS 마케팅 디자인 무작정 따라하기 (포토샵으로 1시간 만에 완성하는)',16000,'길벗','2018-08-27','신희정|신은정','https://bookthumb-phinf.pstatic.net/cover/138/833/13883310.jpg?type=m1&udate=20191229',0,'000','0','0','내가 기획한 광고는 내가 디자인한다!포토샵을 못해 늘 바쁜 디자이너만 바라보며 시안 언제 나오나 오매불망 기다렸던 웹마케터. 그렇게 기다려 시안을 받았는데 꼭 수정하고 싶은 부분이 생긴다. 하지만 디자이너는 바쁘고... 일정은 촉박하고... 마음이 타들어갔던 웹마케터들의 심신을 달래줄 책을... ',0),('000.new.20.02.83','9791160503760','딥러닝 부트캠프 with 케라스 (GPU 실습 환경 준비부터 이미지 분류, 물체 검출, 강화 학습까지)',26000,'길벗','2017-12-28','후지타 카즈야|다카하라 아유무','https://bookthumb-phinf.pstatic.net/cover/128/980/12898022.jpg?type=m1&udate=20191010',0,'001','0','1','GPU 실습 환경 준비부터 이미지 분류, 물체 검출, 강화 학습까지딥러닝은 이미지 인식, 음성 인식, 자연어 처리 등의 분야에서 가장 활발하게 이용되고 있다. 이 책은 그중 ‘이미지 인식’에 초점을 맞춰 이미지 클래스 분류, 물체 검출 등을 케라스로 쉽고 빠르게 실습하면서 딥러닝의 원리를 익히도록 구성했다.... ',0),('000.new.20.02.84','9791162241905','파이썬 라이브러리를 활용한 데이터 분석 (영화 평점, 이름 통계, 선거 데이터 등 실사례 사용)',35000,'한빛미디어','2019-05-20','웨스 맥키니','https://bookthumb-phinf.pstatic.net/cover/149/222/14922211.jpg?type=m1&udate=20191011',0,'001','0','1','빅데이터 분석에 관한 가장 완벽한 교재! &#x0D;&#x0D;이 책은 NumPy, pandas, matplotlib, IPython, Jupyter 등 다양한 파이썬 라이브러리를 사용해서 효과적으로 데이터를 분석하는 방법을 알려준다. pandas의 새로운 기능뿐만 아니라 메모리 사용량을 줄이고 성능을 개선하는 고급 사용법까지 다룬다.... ',0),('000.new.20.02.85','9791162241745','밑바닥부터 시작하는 딥러닝 2 (파이썬으로 직접 구현하며 배우는 순환 신경망과 자연어 처리)',29000,'한빛미디어','2019-05-01','사이토 고키','https://bookthumb-phinf.pstatic.net/cover/147/970/14797086.jpg?type=m1&udate=20191010',0,'001','0','2','직접 구현하면서 배우는 본격 딥러닝 입문서\n이번에는 순환 신경망과 자연어 처리다!이 책은 『밑바닥부터 시작하는 딥러닝』에서 다루지 못했던 순환 신경망(RNN)을 자연어 처리와 시계열 데이터 처리에 사용하는 딥러닝 기술에 초점을 맞춰 살펴본다. 8장 구성으로 전체를 하나의 이야기처럼 순서대로 읽도록... ',0),('000.new.20.02.86','9788968482793','이것이 MySQL이다 (MySQL 설치부터 PHP 연동까지 한번에!,무료 동영상 강의, Q/A를 위한 네이버 카페 운영)',30000,'한빛미디어','2016-06-10','우재남','https://bookthumb-phinf.pstatic.net/cover/106/522/10652258.jpg?type=m1&udate=20171003',0,'012','0','2','『이것이 MYSQL이다』는 MYSQL의 고급 기술을 다루는 기술서가 아니다. 실무 환경에서 이뤄지는 MYSQL의 실제 사용 사례를 실습을 통해 학습자가 체험하면서 배울 수 있게 한다. 따라서 철저하게 MYSQL, 데이터베이스를 처음 시작하는 학습자 수준에 구성과 난이도를 맞추었다. 책에 수록된 실습은 책에... ',0),('000.new.20.02.87','9791158391447','도커/쿠버네티스를 활용한 컨테이너 개발 실전 입문 (현장에서 바로 활용할 수 있는 컨테이너 개발 기법과 실전 기술)',28000,'위키북스','2019-03-20','야마다 아키노리','https://bookthumb-phinf.pstatic.net/cover/146/369/14636944.jpg?type=m1&udate=20190815',0,'013','0','3','도커/쿠버네티스를 실무 현장에 적용하기 위한 ‘컨테이너 개발’ 입문서!컨테이너 가상화 기술은 게스트 운영체제 없이 호스트 운영체제 위에 격리된 환경에서 가상화를 구현한다. 게스트 운영체제가 따로 존재하지 않으므로 호스트 운영체제의 요소를 공유하며 그만큼 중복되는 요소가 줄어 성능적... ',0),('000.new.20.02.88','9788960882720','aws 클라우드 기반의 django 웹 애플리케이션',28000,'디지털북스','2019-09-10','신성진','https://bookthumb-phinf.pstatic.net/cover/154/318/15431853.jpg?type=m1&udate=20190911',0,'013','0','3',NULL,0),('000.new.20.02.89','9791185890463','Flask 기반의 파이썬 웹 프로그래밍',33000,'제이펍','2016-05-24','이지호','https://bookthumb-phinf.pstatic.net/cover/105/989/10598978.jpg?type=m1&udate=20161223',0,'000','0','0','웹 프로그램의 개발 과정에서 꼭 알아야 하는 내용으로 가득 차 있다. Flask로 웹 프로그램을 구현하는 방법, 그리고 개발자가 프로그램을 손쉽게 배포하는 방법부터 프로그램이 진화하는 과정에 이르기까지 웹 프로그램 개발에 필요한 전반적인 지식을 모두 다루고 있다. 늘 가까운 곳에 두고 찾아본다면 개발에... ',0),('000.new.20.02.9','9791162241998','프로그래밍 면접, 이렇게 준비한다',28000,'한빛 미디어','2019-07-04','존 몽건,노아 킨들러,에릭 기게리','http://www.hanbit.co.kr/data/books/B6503680425_l.jpg',2,'008','0','0',NULL,0),('000.new.20.02.90','9791160508383','자바와 JUnit을 활용한 실용주의 단위 테스트',26000,'길벗','2019-06-30','제프 랭어|앤디 헌트|데이브 토마스','https://bookthumb-phinf.pstatic.net/cover/150/647/15064709.jpg?type=m1&udate=20190725',0,'005','0','0','『실용주의 프로그래머』의 앤디 헌트와 데이브 토마스가 알려주는\n실용주의 단위 테스트!\n\n클린 코드의 핵심인 단위 테스트, 어디서 어떻게 시작해야 할까? 책에서는 단위 테스트의 개념과 작성 이유부터 테스트 가이드라인, 목 객체 사용법, 자동화된 단위 테스트, 리팩토링까지 단위 테스트의 핵심 내용을... ',0),('000.new.20.02.91','9788960777330','자바 ORM 표준 JPA 프로그래밍 (에이콘 오픈 소스 프로그래밍 시리즈,스프링 데이터 예제 프로젝트로 배우는 전자정부 표준 데이터베이스 프레임워크)',43000,'에이콘출판','2015-07-28','김영한','https://bookthumb-phinf.pstatic.net/cover/092/525/09252528.jpg?type=m1&udate=20191001',0,'005','0','1','자바 ORM 표준 JPA는 SQL 작성 없이 객체를 데이터베이스에 직접 저장할 수 있게 도와주고, 객체와 관계형 데이터베이스의 차이도 중간에서 해결해준다. 이 책은 JPA 기초 이론과 핵심 원리, 그리고 실무에 필요한 성능 최적화 방법까지 JPA에 대한 모든 것을 다룬다. 또한, 스프링... ',0),('000.new.20.02.92','9791161753997','함수형 자바스크립트 입문(2판) (ECMAScript 8로 함수형 프로그래밍 개념부터 라이브러리 구축까지)',30000,'에이콘출판','2020-02-26','안토 아라빈스|스리칸스 마치라주','https://bookthumb-phinf.pstatic.net/cover/162/629/16262920.jpg?type=m1&udate=20200214',0,'000','0','1','자바스크립트를 함수형 패러다임으로 소개한다. UNDERSCORE.JS와 유사한 함수형 라이브러리를 만들면서 함수형 프로그래밍을 이해한다. 함수형 패러다임의 기초인 1급 함수, 고차 함수, 커링, 클로저 등을 ES8의 최신 버전으로 알아본다. 합성 함수를 자세히 배우고, 함수자와 모나드도 알아본다. ASYNC와... ',0),('000.new.20.02.93','9791186710272','깡샘의 코틀린 프로그래밍',34000,'루비페이퍼','2018-03-05','강성윤','https://bookthumb-phinf.pstatic.net/cover/133/789/13378953.jpg?type=m1&udate=20190204',0,'000','0','2','코틀린의 주요 특징과 문법 학습\n함수형 프로그래밍의 완벽한 이해 \n안드로이드, 자바스크립트, 스프링 프레임워크에 응용까지\n\n만일 여러분이 자바 개발자라면, 또는 안드로이드, 또는 자바스크립트, 또는 스프링 개발자라면 이 책으로 코틀린을 가장 확실하게 배울 수 있습니다. 약간의 프로그래밍 경험만... ',0),('000.new.20.02.94','9788960775350','Python Design Patterns (Python 예제 코드로 배우는 핵심 디자인 패턴)',12000,'에이콘출판','2014-03-21','제나디 즐로빈','https://bookthumb-phinf.pstatic.net/cover/074/560/07456027.jpg?type=m1&udate=20190204',0,'005','0','2','수많은 개발자들이 작업 시의 문제를 해결하며 발전시켜온 노하우를 축적하고, 추후 재사용을 위해 이름 붙인 규약을 디자인 패턴이라 부른다. 프로그래머들이 협업하면서 디자인 패턴을 사용하면, 장황한 설명 없이 효율적으로 자신의 의사를 전달하고 불필요한 오해를 피할 수 있다. 이 책은 파이썬... ',0),('000.new.20.02.95','9791186697559','구글로 공부하는 파이썬 (구글에서 찾는 파이썬 실전 예제 분석)',42000,'비제이퍼블릭','2018-03-09','김용재','https://bookthumb-phinf.pstatic.net/cover/133/948/13394873.jpg?type=m1&udate=20191023',0,'005','0','3','구글에서 찾는 파이썬 실전 예제 분석\n\n파이썬을 체계적으로 설명한 좋은 강의나 글들이 많지만, 많은 경우 강사나 저자를 통해 잘 정제된 지식의 결과를 따라가는 방식이여서, 시간이 지나면 프로그램의 버전 변경 등으로 내용이 바뀌어 진행이 막히기도 하고, 강의를 따라하면서 새로운 시도를 하다가 책에... ',0),('000.new.20.02.96','9788966261024','테스트 주도 개발',25000,'인사이트','2014-02-15','켄트 벡','https://bookthumb-phinf.pstatic.net/cover/074/436/07443642.jpg?type=m1&udate=20190605',0,'000','0','3','테스트 주도 개발은 테스트가 개발을 주도하는 방법이다. 테스트가 개발을 주도한다는 것은 테스트가 코딩의 방향을 이끌어 간다는 말이다. 테스트를 실패하는 코드가 없으면 코딩을 하지 않고, 코드상에 중복이 있으면 제거한다는 간단한 규칙을 지켜나가면 자연스레 아름다운 코드가 천변만화 펼쳐진다. 덤으로... ',0),('000.new.20.02.97','9788966261208','HTTP 완벽 가이드 (웹은 어떻게 동작하는가)',39000,'인사이트','2014-12-15','데이빗 고울리|브라이언 토티|마조리 세이어|세일루 레디|안슈 아가왈','https://bookthumb-phinf.pstatic.net/cover/085/099/08509980.jpg?type=m1&udate=20151019',0,'000','0','0','성공적인 웹 트랜잭션 뒤의 숨은 핵심, HTTP의 모든 것『HTTP 완벽 가이드』는 HTTP 규약이 어떻게 작동하고 웹 기반 애플리케이션을 개발하는 데 어떻게 사용하는지 설명하고, HTTP가 효율적으로 동작하도록 함께 사용하는 다른 핵심 인터넷 기술에 대해서 소개한 책이다. 책에서는 HTTP 메서드, 헤더... ',0),('000.new.20.02.98','9791188621545','고양이도 할 수 있는 Vue.js',24000,'제이펍','2019-05-27','mio','https://image.aladin.co.kr/product/19213/49/cover500/k002635905_1.jpg',0,'010','0','0',NULL,0),('000.new.20.02.99','9791186710098','속 깊은 JavaScript (ECMAScript 표준 문서를 바탕으로 펼치는 속 깊은 자바스크립트)',28000,'루비페이퍼','2016-11-11','양성익','https://bookthumb-phinf.pstatic.net/cover/112/821/11282182.jpg?type=m1&udate=20171028',0,'000','0','1','어디서 쉽게 들어볼 수 없었던 자바스크립트의 깊은 내용, ECMASCRIPT 표준을 바탕으로 담다!『속 깊은 자바스크립트』는 자바스크립트 개발자로서 기본으로 알아야 하는 개념과 동작 원리를 ECMASCRIPT라고 하는 자바스크립트 표준을 바탕으로 자세하게 다룬다. 그리고 C나 JAVA 등 다른 언어로... ',0),('000.test.20.03.1','9791156644873','앱 인벤터(2판) (쉽고 재미있게 만드는 앱 프로그래밍)',24000,'한빛아카데미','2020-02-21','이종원','https://bookthumb-phinf.pstatic.net/cover/162/691/16269188.jpg?type=m1&udate=20200219',0,'000','0','0','쉽고 재미있게 앱 인벤터를 배울 수 있습니다!앱 인벤터의 최신 한글 번역과 인터페이스를 모두 반영한 이 책은 프로그래밍을 처음 접하는 사람들도 쉽게 앱을 만들 수 있도록 구성하였습니다. 또한 변수, 조건문, 함수, 반복문, 리스트와 같은 프로그래밍 이론을 배우고, 다양한 예제와 프로젝트를 실습할 수... ',0),('000.test.20.03.2','9791156644835','컴파일러의 이해(증보판)(IT CookBook 277) (내공 있는 프로그래머로 길러주는)',27000,'한빛아카데미','2020-02-20','박두순','https://bookthumb-phinf.pstatic.net/cover/162/682/16268241.jpg?type=m1&udate=20200219',0,'005','1','0','세상에는 두 종류의 프로그래머가 있다.\n컴파일러를 아는 프로그래머와 \n컴파일러를 모르는 프로그래머!컴파일러 이론은 방대하고 난이도가 높아 많은 학생들이 포기하기 쉬운 주제이다.\n하지만 내공 있는 프로그래머가 되려면 반드시 컴파일러의 구조와 동작을 이해해야 한다.\n30년에 걸쳐 컴파일러를 강의한... ',0),('000.test.20.03.3','9791162242735','재미있고 빠른 수학 세트 (수학을 좋아하게 하는 유아 수학 솔루션)',28000,'한빛에듀','2020-02-10','윤정일','https://bookthumb-phinf.pstatic.net/cover/162/637/16263782.jpg?type=m1&udate=20200219',0,'013','3','1','수학을 좋아하게 하는 재미있고 빠른 수학의 솔루션수학 잘하는 아이의 비결은 무엇일까요? 바로 수학을 좋아하는 것입니다. 수학을 좋아하면 잘하게 되고, 수학을 잘하면 더 좋아지게 마련이지요. 그렇다면 어떻게 해야 수학을 좋아하게 될까요? 바로 재미있고 빠른 수학과 함께라면 수학을 재미있게 시작할 수... ',0),('000.test.20.03.4','9791162242476','재미있고 빠른 수학 1 (수학을 좋아하게 하는 유아 수학 솔루션)',8000,'한빛에듀','2020-02-10','윤정일 글|김희선','https://bookthumb-phinf.pstatic.net/cover/162/435/16243550.jpg?type=m1&udate=20200218',0,'013','2','1','수학을 좋아하게 하는\n재미있고 빠른 수학의 솔루션 \n수학 잘하는 아이의 비결은 무엇일까요? 바로 수학을 좋아하는 것입니다. 수학을 좋아하면 잘하게 되고,\n수학을 잘하면 더 좋아지게 마련이지요. 그렇다면 어떻게 해야 수학을 좋아하게 될까요? 바로 재미있고 빠른 수학과 함께라면 수학을 재미있게 시작할... ',0),('000.test.20.03.5','9791162242889','맛있는 디자인 일러스트레이터 CC 2020 (핵심 기능을 담은 기본편 + 실무 예제가 풍부한 활용편)',24000,'한빛미디어','2020-02-20','박정아(빨간고래)','https://bookthumb-phinf.pstatic.net/cover/162/699/16269924.jpg?type=m1&udate=20200220',0,'001','0','2','핵심 기능을 담은 기본편부터 실무 예제가 풍부한 활용편까지,\n일러스트레이터를 제대로 배우는 가장 완벽한 레시피!그래픽 디자인에 꼭 필요한 일러스트레이터의 기초부터 활용까지 제대로 배울 수 있도록 구성했습니다. 일러스트레이터의 기본&핵심 기능을 꼼꼼하게 설명하여 기본기부터 탄탄하게 다질... ',0),('000.알.19.10.1','9791162241998','프로그래밍 면접, 이렇게 준비한다',28000,'한빛 미디어','2019-07-04','존 몽건,노아 킨들러,에릭 기게리','http://www.hanbit.co.kr/data/books/B6503680425_l.jpg',5,'006','1','0','면접에서 코딩하라면 깜짝 놀라는 당신을 위한 책  이 책은 면접을 앞둔 프로그래머를 위한 종합 안내서다. 구글, 애플 등 글로벌 소프트웨어 기업의 프로그래밍 면접에서 출제된 기출문제와 해답을 수록했다. 지원할 기업을 알아보는 방법, 이력서 작성법, 헤드헌팅 업체를 이용하는 방법과 같은 일반론부터 자료구조, 알고리즘과 관련된 프로그래밍 문제와 해결책까지 총망라한다. 부록에서는 외국계 IT 기업 지원 시 유용한 영문 이력서 작성 요령과 견본 이력서까지 담았다. 4판에는 사전 전화 면접, 데이터 과학과 통계 부분을 추가했고, 배열과 문자열, 디자인 패턴, 알고리즘, 데이터베이스, 객체지향 프로그래밍, 지식 기반 문제 등 책 전반을 지금 필요한 내용으로 새롭게 채웠다.',0),('000.알.19.10.2','9791162241998','프로그래밍 면접, 이렇게 준비한다',28000,'한빛 미디어','2019-07-04','존 몽건,노아 킨들러,에릭 기게리','http://www.hanbit.co.kr/data/books/B6503680425_l.jpg',2,'006','1','0','면접에서 코딩하라면 깜짝 놀라는 당신을 위한 책  이 책은 면접을 앞둔 프로그래머를 위한 종합 안내서다. 구글, 애플 등 글로벌 소프트웨어 기업의 프로그래밍 면접에서 출제된 기출문제와 해답을 수록했다. 지원할 기업을 알아보는 방법, 이력서 작성법, 헤드헌팅 업체를 이용하는 방법과 같은 일반론부터 자료구조, 알고리즘과 관련된 프로그래밍 문제와 해결책까지 총망라한다. 부록에서는 외국계 IT 기업 지원 시 유용한 영문 이력서 작성 요령과 견본 이력서까지 담았다. 4판에는 사전 전화 면접, 데이터 과학과 통계 부분을 추가했고, 배열과 문자열, 디자인 패턴, 알고리즘, 데이터베이스, 객체지향 프로그래밍, 지식 기반 문제 등 책 전반을 지금 필요한 내용으로 새롭게 채웠다.',0),('000.알.19.10.3','9791160508802','리얼월드 알고리즘',32000,'길벗','2019-08-26','파노스 루리다스','https://bookthumb-phinf.pstatic.net/cover/153/711/15371179.jpg?type=m1&udate=20190925',4,'006','1','0','『리얼월드 알고리즘』은 현실 세계의 다양한 문제를 예시로 제시하고 문제를 해결하는 과정을 수학적이고 논리적으로 설명한 책이다. 본서는 문제를 정의하는 데서 출발하여 세련되고 효율적인 알고리즘을 도출하기까지의 과정을 자세히 다룬다. 또한 알고리즘을 명확하게 이해하고 사용하는 데 필요한 자료 구조와 컴퓨터 작동 원리 같은 기초적인 내용도 다루고 있어서 소프트웨어 개발에 필요한 기초적 개념과 원리를 이해하고 응용의 폭을 넓히는 데 도움이 될 것이다.',0),('000.알.19.10.4','9791160508802','리얼월드 알고리즘',32000,'길벗','2019-08-26','파노스 루리다스','https://bookthumb-phinf.pstatic.net/cover/153/711/15371179.jpg?type=m1&udate=20190925',0,'006','1','0','『리얼월드 알고리즘』은 현실 세계의 다양한 문제를 예시로 제시하고 문제를 해결하는 과정을 수학적이고 논리적으로 설명한 책이다. 본서는 문제를 정의하는 데서 출발하여 세련되고 효율적인 알고리즘을 도출하기까지의 과정을 자세히 다룬다. 또한 알고리즘을 명확하게 이해하고 사용하는 데 필요한 자료 구조와 컴퓨터 작동 원리 같은 기초적인 내용도 다루고 있어서 소프트웨어 개발에 필요한 기초적 개념과 원리를 이해하고 응용의 폭을 넓히는 데 도움이 될 것이다.',0),('000.알.19.10.6','9791160508802','리얼월드 알고리즘',32000,'길벗','2019-08-26','파노스 루리다스','https://bookthumb-phinf.pstatic.net/cover/153/711/15371179.jpg?type=m1&udate=20190925',3,'006','1','1','『리얼월드 알고리즘』은 현실 세계의 다양한 문제를 예시로 제시하고 문제를 해결하는 과정을 수학적이고 논리적으로 설명한 책이다. 본서는 문제를 정의하는 데서 출발하여 세련되고 효율적인 알고리즘을 도출하기까지의 과정을 자세히 다룬다. 또한 알고리즘을 명확하게 이해하고 사용하는 데 필요한 자료 구조와 컴퓨터 작동 원리 같은 기초적인 내용도 다루고 있어서 소프트웨어 개발에 필요한 기초적 개념과 원리를 이해하고 응용의 폭을 넓히는 데 도움이 될 것이다.',0),('000.알.19.10.7','9791162241998','프로그래밍 면접, 이렇게 준비한다',28000,'한빛 미디어','2019-07-04','존 몽건,노아 킨들러,에릭 기게리','http://www.hanbit.co.kr/data/books/B6503680425_l.jpg',4,'006','1','1','면접에서 코딩하라면 깜짝 놀라는 당신을 위한 책  이 책은 면접을 앞둔 프로그래머를 위한 종합 안내서다. 구글, 애플 등 글로벌 소프트웨어 기업의 프로그래밍 면접에서 출제된 기출문제와 해답을 수록했다. 지원할 기업을 알아보는 방법, 이력서 작성법, 헤드헌팅 업체를 이용하는 방법과 같은 일반론부터 자료구조, 알고리즘과 관련된 프로그래밍 문제와 해결책까지 총망라한다. 부록에서는 외국계 IT 기업 지원 시 유용한 영문 이력서 작성 요령과 견본 이력서까지 담았다. 4판에는 사전 전화 면접, 데이터 과학과 통계 부분을 추가했고, 배열과 문자열, 디자인 패턴, 알고리즘, 데이터베이스, 객체지향 프로그래밍, 지식 기반 문제 등 책 전반을 지금 필요한 내용으로 새롭게 채웠다.',0),('000.알.19.10.8','9791162241998','프로그래밍 면접, 이렇게 준비한다',28000,'한빛 미디어','2019-07-04','존 몽건,노아 킨들러,에릭 기게리','http://www.hanbit.co.kr/data/books/B6503680425_l.jpg',1,'006','1','1','면접에서 코딩하라면 깜짝 놀라는 당신을 위한 책  이 책은 면접을 앞둔 프로그래머를 위한 종합 안내서다. 구글, 애플 등 글로벌 소프트웨어 기업의 프로그래밍 면접에서 출제된 기출문제와 해답을 수록했다. 지원할 기업을 알아보는 방법, 이력서 작성법, 헤드헌팅 업체를 이용하는 방법과 같은 일반론부터 자료구조, 알고리즘과 관련된 프로그래밍 문제와 해결책까지 총망라한다. 부록에서는 외국계 IT 기업 지원 시 유용한 영문 이력서 작성 요령과 견본 이력서까지 담았다. 4판에는 사전 전화 면접, 데이터 과학과 통계 부분을 추가했고, 배열과 문자열, 디자인 패턴, 알고리즘, 데이터베이스, 객체지향 프로그래밍, 지식 기반 문제 등 책 전반을 지금 필요한 내용으로 새롭게 채웠다.',0),('000.알.19.10.9','9791160508802','리얼월드 알고리즘',32000,'길벗','2019-08-26','파노스 루리다스','https://bookthumb-phinf.pstatic.net/cover/153/711/15371179.jpg?type=m1&udate=20190925',0,'006','1','1','『리얼월드 알고리즘』은 현실 세계의 다양한 문제를 예시로 제시하고 문제를 해결하는 과정을 수학적이고 논리적으로 설명한 책이다. 본서는 문제를 정의하는 데서 출발하여 세련되고 효율적인 알고리즘을 도출하기까지의 과정을 자세히 다룬다. 또한 알고리즘을 명확하게 이해하고 사용하는 데 필요한 자료 구조와 컴퓨터 작동 원리 같은 기초적인 내용도 다루고 있어서 소프트웨어 개발에 필요한 기초적 개념과 원리를 이해하고 응용의 폭을 넓히는 데 도움이 될 것이다.',0),('000.알.20.02.1','9791160508802','리얼월드 알고리즘 (현실 세계 문제를 알고리즘으로 풀어본다!)',32000,'길벗','2019-08-26','파노스 루리다스','https://bookthumb-phinf.pstatic.net/cover/153/711/15371179.jpg?type=m1&udate=20190925',0,'005','1','1','이 책은 현실 세계의 다양한 문제를 예시로 제시하고 문제를 해결하는 과정을 수학적이고 논리적으로 설명한다. 문제를 정의하는 데서 출발하여 세련되고 효율적인 알고리즘을 도출하기까지의 과정을 자세히 다룬다. 또한 알고리즘을 명확하게 이해하고 사용하는 데 필요한 자료 구조와 컴퓨터 작동 원리 같은... ',0),('000.알.20.02.2','9791160508802','리얼월드 알고리즘 (현실 세계 문제를 알고리즘으로 풀어본다!)',32000,'길벗','2019-08-26','파노스 루리다스','https://bookthumb-phinf.pstatic.net/cover/153/711/15371179.jpg?type=m1&udate=20190925',0,'003','1','2','이 책은 현실 세계의 다양한 문제를 예시로 제시하고 문제를 해결하는 과정을 수학적이고 논리적으로 설명한다. 문제를 정의하는 데서 출발하여 세련되고 효율적인 알고리즘을 도출하기까지의 과정을 자세히 다룬다. 또한 알고리즘을 명확하게 이해하고 사용하는 데 필요한 자료 구조와 컴퓨터 작동 원리 같은... ',0),('000.알.20.02.200','9791161340463','파이썬 클린 코드 (유지보수가 쉬운 파이썬 코드를 만드는 비결)',28000,'터닝포인트','2019-02-25','마리아노 아나야','https://bookthumb-phinf.pstatic.net/cover/144/690/14469064.jpg?type=m1&udate=20190130',0,'005','0','1','견고하면서도 확장성이 뛰어난 파이썬 코드를 만드는 비법\n\n파이썬은 누구나 쉽게 시작할 수 있는 프로그래밍 언어이다. 그러나 이 책에서 소개하는 다음 내용을 제대로 숙지하지 않고 개발을 하다보면 더 이상은 수정이 불가능한 코드를 마주하게 된다. 어디서부터 무엇이 잘못된 걸까? 이 책을 통해... ',0),('000.알.20.02.29','9791160508802','리얼월드 알고리즘 (현실 세계 문제를 알고리즘으로 풀어본다!)',32000,'길벗','2019-08-26','파노스 루리다스','https://bookthumb-phinf.pstatic.net/cover/153/711/15371179.jpg?type=m1&udate=20190925',0,'005','1','1','이 책은 현실 세계의 다양한 문제를 예시로 제시하고 문제를 해결하는 과정을 수학적이고 논리적으로 설명한다. 문제를 정의하는 데서 출발하여 세련되고 효율적인 알고리즘을 도출하기까지의 과정을 자세히 다룬다. 또한 알고리즘을 명확하게 이해하고 사용하는 데 필요한 자료 구조와 컴퓨터 작동 원리 같은... ',0),('100.머.19.10.1','9791162241950','파이썬을 활용한 머신러닝 쿡북',33000,'한빛 미디어','2019-08-20','크리스 알본','http://bimage.interpark.com/goods_image/0/2/1/7/314940217g.jpg',0,'001','1','0','200개 비법 레시피로 실무 머신러닝 문제를 쉽고 빠르게 해결하기  200여 개의 비법 레시피를 제공하는 이 책은 실무에서 접하는 다양한 머신러닝 문제를 해결하도록 도와준다. 판다스나 사이킷런 같은 파이썬 라이브러리로 데이터 적재, 텍스트나 수치형 데이터 다루기, 모델 선택, 차원 축소 등 다양한 문제를 해결할 수 있다. 레시피의 코드를 샘플 데이터셋에 적용하며 실제로 코드가 어떻게 동작하는지 확인해본다. 문제 해결에 대한 설명과 유용한 배경지식도 제공한다. 이 책은 이론과 개념 설명을 넘어서 머신러닝 애플리케이션 제작에 필요한 구체적인 도구를 제시한다. 실무에서 레시피를 그대로 적용하거나 적절히 수정하여 쉽고 빠르게 문제를 해결하기 바란다.',0),('100.머.19.10.3','9791162241974','김기현의 자연어 처리 딥러닝 캠프(파이토치 편)',38000,'한빛 미디어','2019-07-01','김기현','http://www.hanbit.co.kr/data/books/B1294694476_l.jpg',0,'001','1','0','최신 딥러닝 기술을 활용한 자연어 처리 기본기부터 실전 심화까지 한 권으로 끝내기  자연어 처리 기초부터 심화까지 파이토치를 활용하여 짜임새 있게 설명한다. 저자가 현업에서 시스템을 구현하며 얻은 경험과 인사이트를 최대한 담았다. 자칫 지루할 수 있는 수학적 이론을 최소화하고 실전에 꼭 필요한 개념을 정리했다. 최신 딥러닝을 활용한 기술뿐만 아니라, 딥러닝 이전의 전통적인 방식도 차근차근 설명하여 왜 지금의 기술이 필요하고, 어떤 부분이 성능 개선을 이끌어냈는지 쉽게 이해할 수 있다. 딥러닝과 머신러닝 관련 개념과 이론의 기본기를 어느 정도 갖춘 독자라면 자연어 처리를 실무에 적용하는 데 필요한 지식을 이 한 권으로 체계적으로 익힐 수 있다.',0),('100.머.19.10.4','9791162241974','김기현의 자연어 처리 딥러닝 캠프(파이토치 편)',38000,'한빛 미디어','2019-07-01','김기현','http://www.hanbit.co.kr/data/books/B1294694476_l.jpg',0,'001','1','0','최신 딥러닝 기술을 활용한 자연어 처리 기본기부터 실전 심화까지 한 권으로 끝내기  자연어 처리 기초부터 심화까지 파이토치를 활용하여 짜임새 있게 설명한다. 저자가 현업에서 시스템을 구현하며 얻은 경험과 인사이트를 최대한 담았다. 자칫 지루할 수 있는 수학적 이론을 최소화하고 실전에 꼭 필요한 개념을 정리했다. 최신 딥러닝을 활용한 기술뿐만 아니라, 딥러닝 이전의 전통적인 방식도 차근차근 설명하여 왜 지금의 기술이 필요하고, 어떤 부분이 성능 개선을 이끌어냈는지 쉽게 이해할 수 있다. 딥러닝과 머신러닝 관련 개념과 이론의 기본기를 어느 정도 갖춘 독자라면 자연어 처리를 실무에 적용하는 데 필요한 지식을 이 한 권으로 체계적으로 익힐 수 있다.',0),('100.머.19.10.5','9791162241950','파이썬을 활용한 머신러닝 쿡북',33000,'한빛 미디어','2019-08-20','크리스 알본','http://bimage.interpark.com/goods_image/0/2/1/7/314940217g.jpg',0,'001','1','1','200개 비법 레시피로 실무 머신러닝 문제를 쉽고 빠르게 해결하기  200여 개의 비법 레시피를 제공하는 이 책은 실무에서 접하는 다양한 머신러닝 문제를 해결하도록 도와준다. 판다스나 사이킷런 같은 파이썬 라이브러리로 데이터 적재, 텍스트나 수치형 데이터 다루기, 모델 선택, 차원 축소 등 다양한 문제를 해결할 수 있다. 레시피의 코드를 샘플 데이터셋에 적용하며 실제로 코드가 어떻게 동작하는지 확인해본다. 문제 해결에 대한 설명과 유용한 배경지식도 제공한다. 이 책은 이론과 개념 설명을 넘어서 머신러닝 애플리케이션 제작에 필요한 구체적인 도구를 제시한다. 실무에서 레시피를 그대로 적용하거나 적절히 수정하여 쉽고 빠르게 문제를 해결하기 바란다.',0),('100.머.19.10.6','9791162241950','파이썬을 활용한 머신러닝 쿡북',33000,'한빛 미디어','2019-08-20','크리스 알본','http://bimage.interpark.com/goods_image/0/2/1/7/314940217g.jpg',0,'001','1','1','200개 비법 레시피로 실무 머신러닝 문제를 쉽고 빠르게 해결하기  200여 개의 비법 레시피를 제공하는 이 책은 실무에서 접하는 다양한 머신러닝 문제를 해결하도록 도와준다. 판다스나 사이킷런 같은 파이썬 라이브러리로 데이터 적재, 텍스트나 수치형 데이터 다루기, 모델 선택, 차원 축소 등 다양한 문제를 해결할 수 있다. 레시피의 코드를 샘플 데이터셋에 적용하며 실제로 코드가 어떻게 동작하는지 확인해본다. 문제 해결에 대한 설명과 유용한 배경지식도 제공한다. 이 책은 이론과 개념 설명을 넘어서 머신러닝 애플리케이션 제작에 필요한 구체적인 도구를 제시한다. 실무에서 레시피를 그대로 적용하거나 적절히 수정하여 쉽고 빠르게 문제를 해결하기 바란다.',0),('100.머.19.10.7','9791162241974','김기현의 자연어 처리 딥러닝 캠프(파이토치 편)',38000,'한빛 미디어','2019-07-01','김기현','http://www.hanbit.co.kr/data/books/B1294694476_l.jpg',0,'001','1','1','최신 딥러닝 기술을 활용한 자연어 처리 기본기부터 실전 심화까지 한 권으로 끝내기  자연어 처리 기초부터 심화까지 파이토치를 활용하여 짜임새 있게 설명한다. 저자가 현업에서 시스템을 구현하며 얻은 경험과 인사이트를 최대한 담았다. 자칫 지루할 수 있는 수학적 이론을 최소화하고 실전에 꼭 필요한 개념을 정리했다. 최신 딥러닝을 활용한 기술뿐만 아니라, 딥러닝 이전의 전통적인 방식도 차근차근 설명하여 왜 지금의 기술이 필요하고, 어떤 부분이 성능 개선을 이끌어냈는지 쉽게 이해할 수 있다. 딥러닝과 머신러닝 관련 개념과 이론의 기본기를 어느 정도 갖춘 독자라면 자연어 처리를 실무에 적용하는 데 필요한 지식을 이 한 권으로 체계적으로 익힐 수 있다.',0),('100.머.19.10.8','9791162241974','김기현의 자연어 처리 딥러닝 캠프(파이토치 편)',38000,'한빛 미디어','2019-07-01','김기현','http://www.hanbit.co.kr/data/books/B1294694476_l.jpg',0,'001','1','1','최신 딥러닝 기술을 활용한 자연어 처리 기본기부터 실전 심화까지 한 권으로 끝내기  자연어 처리 기초부터 심화까지 파이토치를 활용하여 짜임새 있게 설명한다. 저자가 현업에서 시스템을 구현하며 얻은 경험과 인사이트를 최대한 담았다. 자칫 지루할 수 있는 수학적 이론을 최소화하고 실전에 꼭 필요한 개념을 정리했다. 최신 딥러닝을 활용한 기술뿐만 아니라, 딥러닝 이전의 전통적인 방식도 차근차근 설명하여 왜 지금의 기술이 필요하고, 어떤 부분이 성능 개선을 이끌어냈는지 쉽게 이해할 수 있다. 딥러닝과 머신러닝 관련 개념과 이론의 기본기를 어느 정도 갖춘 독자라면 자연어 처리를 실무에 적용하는 데 필요한 지식을 이 한 권으로 체계적으로 익힐 수 있다.',0),('200.빅.19.10.1','9791158390938','파이썬으로 배우는 데이터 과학 입문과 실습',27000,'위키북스','2018-02-13','데이비 실린, 아르노 메이즈맨, 모하메드 알리','http://bimage.interpark.com/goods_image/1/1/8/8/279001188g.jpg',0,'002','1','0','《파이썬으로 배우는 데이터 과학 입문과 실습》은 데이터 과학의 주요 개념을 설명하고 데이터 과학자로서 기본적인 작업을 완수할 수 있는 법을 가르친다.  데이터 과학의 진행 과정과 데이터 시각화, 그래프 데이터베이스, NoSQL 사용법 등을 살펴보고, 파이썬 언어 및 파이썬 라이브러리를 사용해 큰 규모의 데이터를 다뤄 본다. 데이터의 규모가 너무 크거나 생성 속도가 너무 빨라서 한 대의 컴퓨터로 처리하기 힘든 경우에 파이썬을 어떻게 활용할 수 있는지도 살펴본다. 또한 유명한 파이썬 데이터 과학 라이브러리인 사이킷런(Scikit-learn)과 스태츠모델스(StatsModels)도 탐구해 본다. 이 책을 읽은 후에는 데이터 과학의 커리어를 시작하는 데 필요한 탄탄한 기본기를 갖추게 될 것이다.',0),('200.빅.19.10.2','9791158390938','파이썬으로 배우는 데이터 과학 입문과 실습',27000,'위키북스','2018-02-13','데이비 실린, 아르노 메이즈맨, 모하메드 알리','http://bimage.interpark.com/goods_image/1/1/8/8/279001188g.jpg',0,'002','1','0','《파이썬으로 배우는 데이터 과학 입문과 실습》은 데이터 과학의 주요 개념을 설명하고 데이터 과학자로서 기본적인 작업을 완수할 수 있는 법을 가르친다.  데이터 과학의 진행 과정과 데이터 시각화, 그래프 데이터베이스, NoSQL 사용법 등을 살펴보고, 파이썬 언어 및 파이썬 라이브러리를 사용해 큰 규모의 데이터를 다뤄 본다. 데이터의 규모가 너무 크거나 생성 속도가 너무 빨라서 한 대의 컴퓨터로 처리하기 힘든 경우에 파이썬을 어떻게 활용할 수 있는지도 살펴본다. 또한 유명한 파이썬 데이터 과학 라이브러리인 사이킷런(Scikit-learn)과 스태츠모델스(StatsModels)도 탐구해 본다. 이 책을 읽은 후에는 데이터 과학의 커리어를 시작하는 데 필요한 탄탄한 기본기를 갖추게 될 것이다.',0),('200.빅.19.10.3','9791158390938','파이썬으로 배우는 데이터 과학 입문과 실습',27000,'위키북스','2018-02-13','데이비 실린, 아르노 메이즈맨, 모하메드 알리','http://bimage.interpark.com/goods_image/1/1/8/8/279001188g.jpg',0,'002','1','1','《파이썬으로 배우는 데이터 과학 입문과 실습》은 데이터 과학의 주요 개념을 설명하고 데이터 과학자로서 기본적인 작업을 완수할 수 있는 법을 가르친다.  데이터 과학의 진행 과정과 데이터 시각화, 그래프 데이터베이스, NoSQL 사용법 등을 살펴보고, 파이썬 언어 및 파이썬 라이브러리를 사용해 큰 규모의 데이터를 다뤄 본다. 데이터의 규모가 너무 크거나 생성 속도가 너무 빨라서 한 대의 컴퓨터로 처리하기 힘든 경우에 파이썬을 어떻게 활용할 수 있는지도 살펴본다. 또한 유명한 파이썬 데이터 과학 라이브러리인 사이킷런(Scikit-learn)과 스태츠모델스(StatsModels)도 탐구해 본다. 이 책을 읽은 후에는 데이터 과학의 커리어를 시작하는 데 필요한 탄탄한 기본기를 갖추게 될 것이다.',0),('200.빅.19.10.4','9791158390938','파이썬으로 배우는 데이터 과학 입문과 실습',27000,'위키북스','2018-02-13','데이비 실린, 아르노 메이즈맨, 모하메드 알리','http://bimage.interpark.com/goods_image/1/1/8/8/279001188g.jpg',0,'002','1','1','《파이썬으로 배우는 데이터 과학 입문과 실습》은 데이터 과학의 주요 개념을 설명하고 데이터 과학자로서 기본적인 작업을 완수할 수 있는 법을 가르친다.  데이터 과학의 진행 과정과 데이터 시각화, 그래프 데이터베이스, NoSQL 사용법 등을 살펴보고, 파이썬 언어 및 파이썬 라이브러리를 사용해 큰 규모의 데이터를 다뤄 본다. 데이터의 규모가 너무 크거나 생성 속도가 너무 빨라서 한 대의 컴퓨터로 처리하기 힘든 경우에 파이썬을 어떻게 활용할 수 있는지도 살펴본다. 또한 유명한 파이썬 데이터 과학 라이브러리인 사이킷런(Scikit-learn)과 스태츠모델스(StatsModels)도 탐구해 본다. 이 책을 읽은 후에는 데이터 과학의 커리어를 시작하는 데 필요한 탄탄한 기본기를 갖추게 될 것이다.',0),('300.블.10.10.3','9791162242179','예제로 배우는 블록체인',36000,'한빛 미디어','2019-08-19','벨라이 바드로, 리처드 호룩스, 쉰(브라이언) 우','http://bimage.interpark.com/goods_image/7/9/8/5/314867985g.jpg',0,'003','1','0','비트코인부터 이더리움, 하이퍼레저 패브릭까지 기업용 블록체인 구축과 분산 저장소의 활용  『예제로 배우는 블록체인』은 블록체인 분야의 선도적 기술인 비트코인, 이더리움, 쿼럼, 하이퍼레저 활용에 꼭 필요한 지식을 다양한 예제로 알려주는 참고서다. 본서는 확장성, 통합, 분산 파일 관리 등 블록체인 생태계와 연관된 주요 난제와 해결책을 소개한다. 본서를 통해 기업용 블록체인을 구축하고 ICO를 구현하는 방법 및 새로운 암호화폐를 만드는 방법도 배울 수 있다. 마지막 페이지를 덮을 땐 블록체인 생태계의 주요 문제를 해결하는 능력뿐 아니라 안전하고 확장성 있는 분산 시스템을 설계하고 관리하는 능력도 갖추게 될 것이다.',0),('300.블.10.10.4','9791162242179','예제로 배우는 블록체인',36000,'한빛 미디어','2019-08-19','벨라이 바드로, 리처드 호룩스, 쉰(브라이언) 우','http://bimage.interpark.com/goods_image/7/9/8/5/314867985g.jpg',0,'003','1','0','비트코인부터 이더리움, 하이퍼레저 패브릭까지 기업용 블록체인 구축과 분산 저장소의 활용  『예제로 배우는 블록체인』은 블록체인 분야의 선도적 기술인 비트코인, 이더리움, 쿼럼, 하이퍼레저 활용에 꼭 필요한 지식을 다양한 예제로 알려주는 참고서다. 본서는 확장성, 통합, 분산 파일 관리 등 블록체인 생태계와 연관된 주요 난제와 해결책을 소개한다. 본서를 통해 기업용 블록체인을 구축하고 ICO를 구현하는 방법 및 새로운 암호화폐를 만드는 방법도 배울 수 있다. 마지막 페이지를 덮을 땐 블록체인 생태계의 주요 문제를 해결하는 능력뿐 아니라 안전하고 확장성 있는 분산 시스템을 설계하고 관리하는 능력도 갖추게 될 것이다.',0),('300.블.19.10.1','9791162242179','예제로 배우는 블록체인',36000,'한빛 미디어','2019-08-19','벨라이 바드로, 리처드 호룩스, 쉰(브라이언) 우','http://bimage.interpark.com/goods_image/7/9/8/5/314867985g.jpg',0,'003','1','1','비트코인부터 이더리움, 하이퍼레저 패브릭까지 기업용 블록체인 구축과 분산 저장소의 활용  『예제로 배우는 블록체인』은 블록체인 분야의 선도적 기술인 비트코인, 이더리움, 쿼럼, 하이퍼레저 활용에 꼭 필요한 지식을 다양한 예제로 알려주는 참고서다. 본서는 확장성, 통합, 분산 파일 관리 등 블록체인 생태계와 연관된 주요 난제와 해결책을 소개한다. 본서를 통해 기업용 블록체인을 구축하고 ICO를 구현하는 방법 및 새로운 암호화폐를 만드는 방법도 배울 수 있다. 마지막 페이지를 덮을 땐 블록체인 생태계의 주요 문제를 해결하는 능력뿐 아니라 안전하고 확장성 있는 분산 시스템을 설계하고 관리하는 능력도 갖추게 될 것이다.',0),('300.블.19.10.2','9791162242179','예제로 배우는 블록체인',36000,'한빛 미디어','2019-08-19','벨라이 바드로, 리처드 호룩스, 쉰(브라이언) 우','http://bimage.interpark.com/goods_image/7/9/8/5/314867985g.jpg',0,'003','1','1','비트코인부터 이더리움, 하이퍼레저 패브릭까지 기업용 블록체인 구축과 분산 저장소의 활용  『예제로 배우는 블록체인』은 블록체인 분야의 선도적 기술인 비트코인, 이더리움, 쿼럼, 하이퍼레저 활용에 꼭 필요한 지식을 다양한 예제로 알려주는 참고서다. 본서는 확장성, 통합, 분산 파일 관리 등 블록체인 생태계와 연관된 주요 난제와 해결책을 소개한다. 본서를 통해 기업용 블록체인을 구축하고 ICO를 구현하는 방법 및 새로운 암호화폐를 만드는 방법도 배울 수 있다. 마지막 페이지를 덮을 땐 블록체인 생태계의 주요 문제를 해결하는 능력뿐 아니라 안전하고 확장성 있는 분산 시스템을 설계하고 관리하는 능력도 갖추게 될 것이다.',0),('400.애.19.10.1','9788966260959','Clean Code 클린 코드',33000,'인사이트','2013-12-24','로버드 C. 마틴','https://bookthumb-phinf.pstatic.net/cover/073/902/07390287.jpg?type=m1&udate=20190426',0,'007','1','0','애자일 소프트웨어의 혁명적인 패러다임을 제시하는 책이다. 저자 로버트 마틴은 오브젝트 멘토(Object Mentor)의 동료들과 힘을 모아 ‘개발하며’ 클린 코드를 만드는 최상의 애자일 기법을 정제하여『Clean Code 클린 코드』에 담았다. 아주 많은 코드를 읽고 그 코드의 무엇이 옳은지, 그른지 생각하며 전문가로서 자신이 지니는 가치를 돌아보기 위해 꾸준히 노력한다면, 이 책을 통해 여러분의 프로그래밍 실력은 한층 더 높아질 것이다.',0),('400.애.19.10.2','9788966260959','Clean Code 클린 코드',33000,'인사이트','2013-12-24','로버드 C. 마틴','https://bookthumb-phinf.pstatic.net/cover/073/902/07390287.jpg?type=m1&udate=20190426',0,'007','1','0','애자일 소프트웨어의 혁명적인 패러다임을 제시하는 책이다. 저자 로버트 마틴은 오브젝트 멘토(Object Mentor)의 동료들과 힘을 모아 ‘개발하며’ 클린 코드를 만드는 최상의 애자일 기법을 정제하여『Clean Code 클린 코드』에 담았다. 아주 많은 코드를 읽고 그 코드의 무엇이 옳은지, 그른지 생각하며 전문가로서 자신이 지니는 가치를 돌아보기 위해 꾸준히 노력한다면, 이 책을 통해 여러분의 프로그래밍 실력은 한층 더 높아질 것이다.',0),('400.애.19.10.3','9788966260959','Clean Code 클린 코드',33000,'인사이트','2013-12-24','로버드 C. 마틴','https://bookthumb-phinf.pstatic.net/cover/073/902/07390287.jpg?type=m1&udate=20190426',0,'007','1','1','애자일 소프트웨어의 혁명적인 패러다임을 제시하는 책이다. 저자 로버트 마틴은 오브젝트 멘토(Object Mentor)의 동료들과 힘을 모아 ‘개발하며’ 클린 코드를 만드는 최상의 애자일 기법을 정제하여『Clean Code 클린 코드』에 담았다. 아주 많은 코드를 읽고 그 코드의 무엇이 옳은지, 그른지 생각하며 전문가로서 자신이 지니는 가치를 돌아보기 위해 꾸준히 노력한다면, 이 책을 통해 여러분의 프로그래밍 실력은 한층 더 높아질 것이다.',0),('400.애.19.10.4','9788966260959','Clean Code 클린 코드',33000,'인사이트','2013-12-24','로버드 C. 마틴','https://bookthumb-phinf.pstatic.net/cover/073/902/07390287.jpg?type=m1&udate=20190426',0,'007','1','1','애자일 소프트웨어의 혁명적인 패러다임을 제시하는 책이다. 저자 로버트 마틴은 오브젝트 멘토(Object Mentor)의 동료들과 힘을 모아 ‘개발하며’ 클린 코드를 만드는 최상의 애자일 기법을 정제하여『Clean Code 클린 코드』에 담았다. 아주 많은 코드를 읽고 그 코드의 무엇이 옳은지, 그른지 생각하며 전문가로서 자신이 지니는 가치를 돌아보기 위해 꾸준히 노력한다면, 이 책을 통해 여러분의 프로그래밍 실력은 한층 더 높아질 것이다.',0),('500.CI.19.10.2','9788956747903','완벽한 IT 인프라 구축을 위한 Docker (2판)',17000,'정보 문화사','2018-10-01','Asa Shiho','https://image.aladin.co.kr/product/9256/8/cover500/8956747016_1.jpg',0,'009','1','0','인프라 기초 지식+인프라 환경 구축 입문서의 결정판!  이 책은 컨테이너 기술을 사용한 애플리케이션 실행 환경 플랫폼인 ‘Docker’를 사용하여 인프라를 구축하기 위한 입문서이다. 특히 온프레미스 서버(물리 환경)에 대한 구축 경험이 적은 애플리케이션 엔지니어를 대상으로 OS나 네트워크 기술과 같은 인프라의 기초 개념을 그림으로 설명하면서 Docker/Kubernetes를 사용한 인프라 구축 및 운용의 기본적인 흐름과 절차를 설명하고 있다.  제2판에서는 Docker의 새로운 기능 및 명령과 더불어, 멀티호스트 환경에서 실행 환경 구축이나 클라우드를 사용한 실행 환경 구축 및 운용 관리 등 프로그래머가 보다 더 주력해야 하는 부분에 대해 자세히 설명하고 있다.',0),('500.CI.19.10.3','9788956747903','완벽한 IT 인프라 구축을 위한 Docker (2판)',17000,'정보 문화사','2018-10-01','Asa Shiho','https://image.aladin.co.kr/product/9256/8/cover500/8956747016_1.jpg',0,'009','1','1','인프라 기초 지식+인프라 환경 구축 입문서의 결정판!  이 책은 컨테이너 기술을 사용한 애플리케이션 실행 환경 플랫폼인 ‘Docker’를 사용하여 인프라를 구축하기 위한 입문서이다. 특히 온프레미스 서버(물리 환경)에 대한 구축 경험이 적은 애플리케이션 엔지니어를 대상으로 OS나 네트워크 기술과 같은 인프라의 기초 개념을 그림으로 설명하면서 Docker/Kubernetes를 사용한 인프라 구축 및 운용의 기본적인 흐름과 절차를 설명하고 있다.  제2판에서는 Docker의 새로운 기능 및 명령과 더불어, 멀티호스트 환경에서 실행 환경 구축이나 클라우드를 사용한 실행 환경 구축 및 운용 관리 등 프로그래머가 보다 더 주력해야 하는 부분에 대해 자세히 설명하고 있다.',0),('500.CI.19.10.4','9788956747903','완벽한 IT 인프라 구축을 위한 Docker (2판)',17000,'정보 문화사','2018-10-01','Asa Shiho','https://image.aladin.co.kr/product/9256/8/cover500/8956747016_1.jpg',0,'009','1','1','인프라 기초 지식+인프라 환경 구축 입문서의 결정판!  이 책은 컨테이너 기술을 사용한 애플리케이션 실행 환경 플랫폼인 ‘Docker’를 사용하여 인프라를 구축하기 위한 입문서이다. 특히 온프레미스 서버(물리 환경)에 대한 구축 경험이 적은 애플리케이션 엔지니어를 대상으로 OS나 네트워크 기술과 같은 인프라의 기초 개념을 그림으로 설명하면서 Docker/Kubernetes를 사용한 인프라 구축 및 운용의 기본적인 흐름과 절차를 설명하고 있다.  제2판에서는 Docker의 새로운 기능 및 명령과 더불어, 멀티호스트 환경에서 실행 환경 구축이나 클라우드를 사용한 실행 환경 구축 및 운용 관리 등 프로그래머가 보다 더 주력해야 하는 부분에 대해 자세히 설명하고 있다.',0),('600.Vue.19.10.1','9791158391508','Vue.js 철저 입문',30000,'위키북스','2019-04-29','카와구치 카즈야, 키타 케이스케, 노다 요헤이, 테지마 타쿠야, 카타야마 신야','https://bookthumb-phinf.pstatic.net/cover/147/966/14796608.jpg?type=m1&udate=20190419',0,'010','1','0','Vue.js 입문서 결정판. 초보부터 실무까지 이 책 한권으로!  Vue.js는 깃허브에서 ‘가장 인기 있는 자바스크립트 프레임워크’로 꼽힐 만큼 많은 주목을 받고 있는 기술이다. 『Vue.js 철저 입문』에서는 프런트 엔드 특화 라이브러리 중에서 가장 큰 지지를 받는 Vue.js를 중심으로 현대적인 프런트 엔드 개발을 경험해 볼 수 있게 구성했다. 사용하기 쉽고 현업에서 많이 사용되는 Vue.js를 Vue.js 코어 팀 멤버가 기초부터 알기 쉽게 직접 설명했으며 실무에서 활용할 수 있는 설계 능력 및 업무 능력을 익힐 수 있게 도와준다. 소규모 프로젝트에 적용하는 예부터 jQuery에서 이주하는 방법, 대규모 개발을 염두에 둔 애플리케이션 개발 방법까지 이 책 한권으로 기초부터 실무까지 철저하게 배울 수 있다.',0),('700.Re.19.10.1','9791160508796','리액트를 다루는 기술',42000,'길벗','2019-08-31','김민준','http://bimage.interpark.com/goods_image/6/8/8/0/315016880g.jpg',0,'011','1','0','리액트 베스트셀러 1위, 본문과 소스 전면 업그레이드 기본기를 꼼꼼하게! 실전에서 효과적으로 활용하는 방법까지 알차게 배우자  『리액트를 다루는 기술』(개정판)은 리액트 16.8 버전에 Hooks라는 기능이 도입되면서 함수형 컴포넌트에서도 상태 관리를 할 수 있게 된 것에 맞춰 책에 사용된 주요 예시를 모두 함수형 컴포넌트 형태로 전환하였다. 저자는 기존 내용을 보강 및 개선하고, 초판에 다루지 않았던 새로운 내용도 많이 수록하였다. 또한, 리액트를 공부할 때 알아야 할 자바스크립트 기초 및 ES6 문법을 다룬 링크(벨로퍼트와 함께하는 모던 자바스크립트)와 책에서 사용한 리액트 라이브러리와 관련 도구의 버전이 업그레이드되면 필요한 변경 사항을 공지하는 링크(저자 깃허브)도 제공한다.',2),('700.Re.19.10.2','9791160508796','리액트를 다루는 기술',42000,'길벗','2019-08-31','김민준','http://bimage.interpark.com/goods_image/6/8/8/0/315016880g.jpg',0,'011','1','0','리액트 베스트셀러 1위, 본문과 소스 전면 업그레이드 기본기를 꼼꼼하게! 실전에서 효과적으로 활용하는 방법까지 알차게 배우자  『리액트를 다루는 기술』(개정판)은 리액트 16.8 버전에 Hooks라는 기능이 도입되면서 함수형 컴포넌트에서도 상태 관리를 할 수 있게 된 것에 맞춰 책에 사용된 주요 예시를 모두 함수형 컴포넌트 형태로 전환하였다. 저자는 기존 내용을 보강 및 개선하고, 초판에 다루지 않았던 새로운 내용도 많이 수록하였다. 또한, 리액트를 공부할 때 알아야 할 자바스크립트 기초 및 ES6 문법을 다룬 링크(벨로퍼트와 함께하는 모던 자바스크립트)와 책에서 사용한 리액트 라이브러리와 관련 도구의 버전이 업그레이드되면 필요한 변경 사항을 공지하는 링크(저자 깃허브)도 제공한다.',0),('700.Re.19.10.3','9791160508796','리액트를 다루는 기술',42000,'길벗','2019-08-31','김민준','http://bimage.interpark.com/goods_image/6/8/8/0/315016880g.jpg',0,'011','1','1','리액트 베스트셀러 1위, 본문과 소스 전면 업그레이드 기본기를 꼼꼼하게! 실전에서 효과적으로 활용하는 방법까지 알차게 배우자  『리액트를 다루는 기술』(개정판)은 리액트 16.8 버전에 Hooks라는 기능이 도입되면서 함수형 컴포넌트에서도 상태 관리를 할 수 있게 된 것에 맞춰 책에 사용된 주요 예시를 모두 함수형 컴포넌트 형태로 전환하였다. 저자는 기존 내용을 보강 및 개선하고, 초판에 다루지 않았던 새로운 내용도 많이 수록하였다. 또한, 리액트를 공부할 때 알아야 할 자바스크립트 기초 및 ES6 문법을 다룬 링크(벨로퍼트와 함께하는 모던 자바스크립트)와 책에서 사용한 리액트 라이브러리와 관련 도구의 버전이 업그레이드되면 필요한 변경 사항을 공지하는 링크(저자 깃허브)도 제공한다.',0),('교보재 1-1','9788960882720','aws 클라우드 기반의 django 웹 애플리케이션',28000,'디지털북스','2019-09-10','신성진','https://bookthumb-phinf.pstatic.net/cover/154/318/15431853.jpg?type=m1&udate=20190911',2,'000','1','0','설계부터 개발, 배포까지 예제를 구현하며 배우는 AWS와 DjangoM  웹 애플리케이션을 구축하기 위해서는 그에 따른 개발 서버 및 웹 서버, 도메인 및 스토리지 등의 인프라를 필요로 한다. 최근 Amazon에서는 이러한 웹 애플리케이션 개발을 위한 환경을 클라우드 서비스인 AWS로 제공하고 있다. 또한 Django는 대표적인 Python 웹 애플리케이션 프레임워크 중 하나로, 웹 애플리케이션 개발을 위한 다양한 기능을 제공하고 있다.  이 책은 AWS 환경에서의 Django 웹 애플리케이션 개발에 대해서 다루고 있다. AWS에서 주로 사용하는 서비스와 실전 개발에 사용하는 Python, MySQL DB, jQuery 및 Ajax, Django Template Language에 대해서도 하나씩 배울 수 있다. 이를 통해 하나의 웹 애플리케이션 개발을 위해 이뤄지는 절차와 필요한 부분에 대해서 익히게 된다.',0),('교보재 1-10','9788994612034','거의 모든 IT의 역사',16000,'메디치미디어','2010-12-07','정지훈','https://image.aladin.co.kr/product/830/81/cover500/8994612033_1.jpg',0,'009','1','0','1. 350만 명이 열광한 미래학자 정지훈 박사의 인기 연재 <애플, 마이크로소프트, 구글의 IT 삼국지>를 바탕으로 다듬고 고쳤다. 2. 애플, 마이크로소프트, 구글이라는 IT업계 삼국을 중심으로 IT 역사를 정리했다. 3. 한 인물이나 기업의 성공신화 등이 아니라, IT 업계와 수많은 관련 인물들의 이야기가 마치 삼국지처럼 흥미진진하게 펼쳐진다. 4. 기술의 진보만을 발전이라고 생각하는 우리 사회에 여러 가지 화두와 생각거리를 던져준다.',0),('교보재 1-11','9791188621545','고양이도 할 수 있는 Vue.js',24000,'제이펍','2019-05-27','mio','https://image.aladin.co.kr/product/19213/49/cover500/k002635905_1.jpg',0,'010','1','0','‘배워서 남주고 싶어지는 즐거운 Vue.js의 시작!’  의욕은 넘치는데, 막상 어디서부터 시작해야 좋을지 모르겠다거나 향상된 프런트엔드 웹 개발 수준에 당황하여 ‘내가 잘 몰라서 이해를 못하는 걸지도...’라며 잘못된 수준과 학습 방법을 선택하는 경우가 많습니다.  이 책은 초심자들에게 꼭 그런 것만은 아니라며 자신감을 복돋워 줄 수 있도록 ‘하향식’ 학습 방법을 채택하여 다양하고 많은 개념을 조금씩 차근히 진행할 수 있게 합니다. 그로 인해 책을 다 읽고 나면 넓은 프런트엔드 세계를 앞으로 어떻게 여행해야 하는지, 스스로의 힘으로 생각하고 방향성을 잡을 수 있을 것입니다.',0),('교보재 1-12','9788974614478','관상해석의 정석',17000,'문원북','2019-03-01','지평','https://image.aladin.co.kr/product/20166/42/cover500/8974614472_1.jpg',0,'009','1','0','관상을 보면 사람을 알 수 있다. 생김새 만 보아도 그 사람의 운을 대충은 알 수 있다는 소리다. 관상이란 얼굴의 골격 및 주요 부위를 포함하여 주름살, 점, 상처의 흔적, 목 소리 등 함께 듣고 보고 종합적으로 사람의 운을 예견한다. 요즘 남자 직장인들에게 유행하는 눈썹 문신에서 볼 수 있듯이, 눈썹을 눈보다 길게 하여 관운을 좋게 하려고 한다. 아무튼 복잡한 현대를 살아가면서 어찌 몸만 아프겠는가, 몸에 병이 났을 때만 병원에 가는 것이 아니다. 마음의 상처를 입고 방황 할 때 관상을 좋게 하여 위로가 된다면 적극 추천하고 싶다.',0),('교보재 1-13','9788974614478','관상해석의 정석',17000,'문원북','2019-03-01','지평','https://image.aladin.co.kr/product/20166/42/cover500/8974614472_1.jpg',0,'009','1','1','관상을 보면 사람을 알 수 있다. 생김새 만 보아도 그 사람의 운을 대충은 알 수 있다는 소리다. 관상이란 얼굴의 골격 및 주요 부위를 포함하여 주름살, 점, 상처의 흔적, 목 소리 등 함께 듣고 보고 종합적으로 사람의 운을 예견한다. 요즘 남자 직장인들에게 유행하는 눈썹 문신에서 볼 수 있듯이, 눈썹을 눈보다 길게 하여 관운을 좋게 하려고 한다. 아무튼 복잡한 현대를 살아가면서 어찌 몸만 아프겠는가, 몸에 병이 났을 때만 병원에 가는 것이 아니다. 마음의 상처를 입고 방황 할 때 관상을 좋게 하여 위로가 된다면 적극 추천하고 싶다.',0),('교보재 1-14','9788956747088','그림 한장으로 보는 최신 서버 가이드북',12000,'정보 문화사','2018-02-28','masahiro Kihashi','https://image.aladin.co.kr/product/9859/4/cover500/8956747083_1.jpg',3,'000','1','0','인터넷 정보만으로는 파악하기 어려운 서버의 운용에서 가상화까지의 중요 키워드를 약 82점의 그림으로 완벽 정리!!  이 책은 모든 항목의 해설을 철저하게 일러스트화하여 설명하고 있다. 본문은 펼친면/양면을 하나의 주제로 정리하여, 이미지가 산만하게 흩어지지 않도록 배려했다. 또한, 사전 지식이 없어도 전체상을 파악할 수 있으며 앞으로 업무에 필요한 기술을 배우려는 분에게 해당 지식을 빠르고 재미있게 몸에 익힐 수 있도록 읽기 편하고 알기 쉬운 점을 중시하여 구성되어 있다.  [이 책의 대상 독자] - 앞으로 IT 계열 업무에 종사할 분 - 앞으로 사내의 정보 시스템을 담당할 분 - 서버 기술과 실무를 폭넓고 균형 있게 배우고 싶은 분  이 책 한 권으로 실무에 활용할 수 있는 기본 지식을 효율적으로 익힐 수 있다.',0),('교보재 1-15','9791190014304','당신이 지금 알아야 할 AWS',28000,'비제이퍼블릭','2019-05-31','이영호, 한동수','https://image.aladin.co.kr/product/19222/56/cover500/k522635109_2.jpg',0,'009','1','0','가장 강력한 클라우드 서비스를 경험하기 위한 최고의 AWS 가이드  클라우드나 AWS에 대한 지식은 인터넷에서 몇 번 클릭하는 것만으로도 다양하게 얻을 수 있다. 하지만 다른 IT 분야가 그렇듯 시작하려면 여러 기술적인 어려움에 마주하게 된다. 최근 AWS에 대한 기술 도서들이 많이 출간되었지만 초보자들이 복잡한 클라우드 인프라를 익히는 것은 아직까지는 쉽지 않은 일이다.  이 책은 AWS 컴퓨팅 기술과 핵심적인 서비스들을 그림과 아키텍처 중심으로 쉽게 따라하는 단계별 실습으로 구성되어 있다. 더 나아가 모든 서비스 실습에 클라우드 입문자들이 고민하는 과금(비용) 문제에 대한 해결책을 제시하였다. 단지 클릭 몇 번으로 따라 하는 실습을 통해 간단한 SaaS 구축에서 스토리지, 빅데이터 분석, 마이크로서비스, 도커 컨테이너 서비스까지 AWS 클라우드의 기본과 최신 기술들을 완벽하게 체험할 수 있다. 이론은 꼭 필요한 내용만, 실습은 입문자를 위해 상세한 이미지로 설명하고 있으며, 클라우드 비용 걱정을 사전 예방할 수 있는 안전한 종료 방법을 제공한다. 또한 클라우드 서비스를 활용하여 간단한 블로그부터 인공지능 번역 서비스, 빅데이터 분석 등의 프로젝트를 단계별로 쉽게 완성할 수 있도록 하는 데 도움을 제공한다.',0),('교보재 1-16','9788968483387','러닝 자바스크립트',28000,'한빛 미디어','2017-07-01','이선 브라운','data:image/jpeg;base64,/9j/4AAQSkZJRgABAQAAAQABAAD/2wCEAAkGBwgHBgkIBwgKCgkLDRYPDQwMDRsUFRAWIB0iIiAdHx8kKDQsJCYxJx8fLT0tMTU3Ojo6Iys/RD84QzQ5OjcBCgoKDQwNGg8PGjclHyU3Nzc3Nzc3Nzc3Nzc3Nzc3Nzc3Nzc3Nzc3Nzc3Nzc3Nzc3Nzc3Nzc3Nzc3Nzc3Nzc3N//AABEIAHgAXgMBIgACEQEDEQH/xAAcAAABBAMBAAAAAAAAAAAAAAAHAAIDBgEEBQj/xABEEAACAQMCAgYGBQoEBwEAAAABAgMABBESIQUxBhNBUWFxBxQiMoGRFZKTodEjM0JSU1SiscHwNWLC4RckcnN0stIW/8QAGgEAAgMBAQAAAAAAAAAAAAAAAAECAwQFBv/EACsRAAICAAMFCAMBAAAAAAAAAAABAhEDBBIFFBUxoSE0QVFSYXGRMkPwE//aAAwDAQACEQMRAD8AN5GRQ9//AAt0WcyQ2rknOoXDjtPZp8qIanIB76zU4zceRnx8th49a/AGU/o/4mdPUNZr3lpnJP8ADWiehXEASDe8OBGSfyzdnP8AR8KLdR9RHnOhM9+kVPeJmR7Jyz8GCdehl8y6lvuHEbbiZu3l+jWV6F37KWW+4cVHMiZtv4aKrW0LDBijI2ONA7OVO6iP9mn1RT3iYuEZb3+wUL0K4gz6BfcOL4B09c2cHl+jWD0MvwGJvuH4UZJ65th9WiwYYyACiEDkCo2pvqsBDAwxnV72UHtedG8TDhGW9/sFsXQbiczukV3YOyHDAStt/DUv/D3jX7ay+0b/AOaKCxIrl1RQzc2A3NPo3iYcIy3v9lM6GdF7/gfEJp7x7dkeLQOrck5zntAq5VmsYqqUnJ2zdgYEMCGiHIwnur5U6mJ7q+VVTp50wj6OwJb2oSTiE66kD+7Gv6x/oKiXItc00UEZkmkSNBzZ2AA+NaCce4Q8nVpxSzZ/1ROv40G4rR+kTtPxi9mupsaiJHyi7cgvIDy7qgHRqxutQhWJxk5CjelZKg9RSxyjMUiOO9WBptxcQ2yF7iaOJP1nYKPvoAT9GPV4zpeWJxuSjkbeXyFcY2NwbwCWSV1RtKq7lva5HGe6iwo9E3XH+F21hNetfQvBChdjG4Y48AKqg9KnCJIpeotbt5oz+aIC5XvBoQvw5rSYsG/JkENv2GoWglidWJ1xqDlgcHHjz/sUWFHovov0htOknDRe2YdNLmOWKQYaNh2H7vnXYoKdF+OT8KsknserD6szLjSs3/UB2/5huPHlV44f6Q+FXt9DatHLbl1y7SkYQ9nInI259m1Ami50q5PCePWPFbm4trZm62H2sMuNSEkBh3g4rrUxDE91fKvOnTq/fiHSu9unLMvWmOMHkFXYfD8a9Fp7q+Vee+kHBp7jhl5xiMMy2d81vc4Gw9ldz5E4+IpMcSThF6YLW50Lqbqzy5eVR9GeJzJcBQ2UaTS4bYac5P3VxeCXYhZw0jBWGCpcgGtKZvV53Kg7OSpHYaRMKg4rbE9dNKhfABGOftEn+lUiXifVcYEyMpxJrGOz2uf3VyBxZwGAO+DzFaolk1iTBZskkY3/AL2oFQQOlT2Vzw2K5gKGUrhwNuzeqbDMGtLmI7hFOfAEH8KbeXrzRKqN8iSTmpOjlhdcR4nBYW2gy3UnVHVyUd5+ANAGeC30MY9t2UZGQrHfvruB7S94hH1V0IoYnLBssSucZwN8D5UQoPRB0bSBFkN40oADyCbGo9pxyFdzhXQHozwsfkeFxyt2tckyk/W2p0KyncA4ukvTrhwsY8tLG0Urr7rpgk/eufh40WK0bThNhZTddaWcEL6dA6uMLpHcMcq3qZEYnuL5VS/SPPacK6L3vD7S3ijl4nrDBUwDq99zjmeX9irovuL5UPvS2kNzw+ykQq8kcre62TjHLbyoBNAktLZvVkkjwrAsG1RkgY8R2/Crt6N+hll0htby54pC8lkD1cLayDI/6TA7H2eXxPdVYhnhtOGQIbmRpJWcT28nJTklHU9qkbHuIoleh/jdk3R9+GSTwxXltPITEzgF1Y6gwHdvj4VFE3yOfd+hOwdmNnxm6hUn2VliWTHyIqq9PugkPQ/hVjPDfz3d3LcEElAihQM7Lv247aPPrcH7eL64ofemAes8NsXiKvHHI4dlOrSWA058Nj91SaIKavmB63MEikwhkVEDNvvnPIHuAxRd9CnBrf6Ffjzxq13cu8SMQPYRDp27skHPkKFIRbC1tnVnNxIHWeJ49l32IPaCDRf9D3FrAdFYuHNdxLxCKSaSaBnAYBpCQQO7BX40kSk+wIdKoPWoP28X1xS9ag/bxfXFOivVHzJ6VRJPG5wkiMe5WzUlA00+Q1fcHlQMubVWkjKDVJNI4AG2+ogUcx+bHlQQ9Yka4EKRRs6zHq2OQVJbzxz8K05dXZxdrutH95EV3wNpMq+okkjrBE5KkduMZ+NMbo9FHdAuYUchzpbJwUzqYbbZC8qebohnBghw+zrggMc5zz7+6sy3s0sgkbQG0Muy4GGBB/maveEm7o5kc9OEXFSfaSJw0NGSrRlSAwkOQAul2O2P8h+7vpn0eugO0sXVPgK+k+0TnbGPA/dTVvZki6sadOnTy7MMP5O1bVkxaFfWZI0t1ICa0zkgk5G45aufLepuzPFxk+w5lzaLHPoYLrhfYruMj+lNWONVCBRpBJAwNs862LtzJdTSED23Leycj4GosUaI86E8fFScFJ18jdK/qj5UtC/qj5VJIgQIQ6tqUNt2eB8awiM7hEGWY4A76mUUy3+i4AcYusAfmP8AUKJ1DL0X/wCM3X/Y/wBQonVz8x+Z6vZPdV8sYvuDyoGwf4rH/wCSP/ajiPzY8qB5nkilk6uNMh2xJoGpd+/+8VZlvEy7Z/W/kkUm1AMkyqH9vqxCHJGe3PZtyzTrm0je56uEBFjneFz3KCSG+QPyrWW4mVFUorMmyOyZZR4f78qx6zcap21HM+es9n3s7ny7fnWqmcTVGqNoOsTiQyLFHM2tYlhDeyTtnPZt30yd4Y5pbWVGaGORurKHDJv948KhW4mVUXQpKDCMyZKjw/35Vk3UrMxliSXUxbLx9p8sfhRQa0StELOFpUKyMzKI308lIJzg8ieXhg1iKYm1uJ3SN5Q8aozIPZyHycdp27fDuqIXM/WO7DVrADK0Y0kDkMdnhjlTZJZHVk0BUJB0omBtnH8zToWpLkbiBEt5JuqR3FsrBiucMZMavkadw+ZneKZwhlSdV1FF9oEHblvy5+Na9vcSRwzZ97qljUFM5GrJGPnUZuZsx6EEYjbUiomwPfvz+OaVD1pUy1+jJy/G7pm059X/AEVCjmOwUTKGfozbVxy7JUKTByAwOYomVhzH5nptld2Xyxp92g3FasvXJccJvHZpSRIIW5ahty7g1GWlgVHDxNFl2bym8V21QG4oAjyBuC3kqbaMwMD2DnjwJ+NYNuNSsvCb0AHJX1YkHbBG/wCFGXApbVbvHsYuEL19APmGPQmODXZfSwb/AJRvh21yfo6+7LC7+wb8KO2BWaFma8BS2Opc59AEfR1/+4Xf2D/hS+jr/wDcLv7B/wAKO9KnvT8iHA4+voAj6Ov/ANwu/sH/AApfR1/+4Xf2D/hR3pjyxIcPIinuLAUb0/IOBx9fQHXo1tbmDi1y09tPEDBgGSNlB38RRHrCuj+4yttnY06qMSeuVnUyuXWXw/8ANOzBG1cm44Bb3AbXcXakszakmwQT3bUqVV0aRo6O2nViMzXbDABzO2TjHb8K66rp27AMUqVMB1KlSoAVKlSoAVat3Yw3a4kGG29pQMnw5UqVAGbWzS2GEd29kL7WOwY7BWzSpUAf/9k=',0,'005','1','0','ES6로 익히는 고품질 자바스크립트 입문에서 서버 개발까지!  이 책은 ES6를 포함하여 최신 자바스크립트 개발을 주도하는 언어 특징과 기술, 관련 도구, 패러다임을 포괄적으로 다룬다. 변수나 제어 흐름, 함수와 같은 단순하고 직관적인 주제뿐만 아니라, 비동기 프로그래밍이나 정규표현식 같은 복잡하고 난해한 개념에 이르기까지 폭넓은 범위를 커버한다.  개발자는 프런트엔드와 백엔드 모두를 아우르는 더 강력하고 반응이 빠른 웹 앱을 만드는 방법을 배울 수 있다. 임베디드부터 웹까지 20년 넘게 프로그래밍해온 저자는 이 실용적인 책에서 ES6에 맞춰 고품질 웹 애플리케이션을 더 쉽고 만족스럽게 개발하는 방법을 제시한다.',0),('교보재 1-17','9788968483387','러닝 자바스크립트',28000,'한빛 미디어','2017-07-01','이선 브라운','data:image/jpeg;base64,/9j/4AAQSkZJRgABAQAAAQABAAD/2wCEAAkGBwgHBgkIBwgKCgkLDRYPDQwMDRsUFRAWIB0iIiAdHx8kKDQsJCYxJx8fLT0tMTU3Ojo6Iys/RD84QzQ5OjcBCgoKDQwNGg8PGjclHyU3Nzc3Nzc3Nzc3Nzc3Nzc3Nzc3Nzc3Nzc3Nzc3Nzc3Nzc3Nzc3Nzc3Nzc3Nzc3Nzc3N//AABEIAHgAXgMBIgACEQEDEQH/xAAcAAABBAMBAAAAAAAAAAAAAAAHAAIDBgEEBQj/xABEEAACAQMCAgYGBQoEBwEAAAABAgMABBESIQUxBhNBUWFxBxQiMoGRFZKTodEjM0JSU1SiscHwNWLC4RckcnN0stIW/8QAGgEAAgMBAQAAAAAAAAAAAAAAAAECAwQFBv/EACsRAAICAAMFCAMBAAAAAAAAAAABAhEDBBIFFBUxoSE0QVFSYXGRMkPwE//aAAwDAQACEQMRAD8AN5GRQ9//AAt0WcyQ2rknOoXDjtPZp8qIanIB76zU4zceRnx8th49a/AGU/o/4mdPUNZr3lpnJP8ADWiehXEASDe8OBGSfyzdnP8AR8KLdR9RHnOhM9+kVPeJmR7Jyz8GCdehl8y6lvuHEbbiZu3l+jWV6F37KWW+4cVHMiZtv4aKrW0LDBijI2ONA7OVO6iP9mn1RT3iYuEZb3+wUL0K4gz6BfcOL4B09c2cHl+jWD0MvwGJvuH4UZJ65th9WiwYYyACiEDkCo2pvqsBDAwxnV72UHtedG8TDhGW9/sFsXQbiczukV3YOyHDAStt/DUv/D3jX7ay+0b/AOaKCxIrl1RQzc2A3NPo3iYcIy3v9lM6GdF7/gfEJp7x7dkeLQOrck5zntAq5VmsYqqUnJ2zdgYEMCGiHIwnur5U6mJ7q+VVTp50wj6OwJb2oSTiE66kD+7Gv6x/oKiXItc00UEZkmkSNBzZ2AA+NaCce4Q8nVpxSzZ/1ROv40G4rR+kTtPxi9mupsaiJHyi7cgvIDy7qgHRqxutQhWJxk5CjelZKg9RSxyjMUiOO9WBptxcQ2yF7iaOJP1nYKPvoAT9GPV4zpeWJxuSjkbeXyFcY2NwbwCWSV1RtKq7lva5HGe6iwo9E3XH+F21hNetfQvBChdjG4Y48AKqg9KnCJIpeotbt5oz+aIC5XvBoQvw5rSYsG/JkENv2GoWglidWJ1xqDlgcHHjz/sUWFHovov0htOknDRe2YdNLmOWKQYaNh2H7vnXYoKdF+OT8KsknserD6szLjSs3/UB2/5huPHlV44f6Q+FXt9DatHLbl1y7SkYQ9nInI259m1Ami50q5PCePWPFbm4trZm62H2sMuNSEkBh3g4rrUxDE91fKvOnTq/fiHSu9unLMvWmOMHkFXYfD8a9Fp7q+Vee+kHBp7jhl5xiMMy2d81vc4Gw9ldz5E4+IpMcSThF6YLW50Lqbqzy5eVR9GeJzJcBQ2UaTS4bYac5P3VxeCXYhZw0jBWGCpcgGtKZvV53Kg7OSpHYaRMKg4rbE9dNKhfABGOftEn+lUiXifVcYEyMpxJrGOz2uf3VyBxZwGAO+DzFaolk1iTBZskkY3/AL2oFQQOlT2Vzw2K5gKGUrhwNuzeqbDMGtLmI7hFOfAEH8KbeXrzRKqN8iSTmpOjlhdcR4nBYW2gy3UnVHVyUd5+ANAGeC30MY9t2UZGQrHfvruB7S94hH1V0IoYnLBssSucZwN8D5UQoPRB0bSBFkN40oADyCbGo9pxyFdzhXQHozwsfkeFxyt2tckyk/W2p0KyncA4ukvTrhwsY8tLG0Urr7rpgk/eufh40WK0bThNhZTddaWcEL6dA6uMLpHcMcq3qZEYnuL5VS/SPPacK6L3vD7S3ijl4nrDBUwDq99zjmeX9irovuL5UPvS2kNzw+ykQq8kcre62TjHLbyoBNAktLZvVkkjwrAsG1RkgY8R2/Crt6N+hll0htby54pC8lkD1cLayDI/6TA7H2eXxPdVYhnhtOGQIbmRpJWcT28nJTklHU9qkbHuIoleh/jdk3R9+GSTwxXltPITEzgF1Y6gwHdvj4VFE3yOfd+hOwdmNnxm6hUn2VliWTHyIqq9PugkPQ/hVjPDfz3d3LcEElAihQM7Lv247aPPrcH7eL64ofemAes8NsXiKvHHI4dlOrSWA058Nj91SaIKavmB63MEikwhkVEDNvvnPIHuAxRd9CnBrf6Ffjzxq13cu8SMQPYRDp27skHPkKFIRbC1tnVnNxIHWeJ49l32IPaCDRf9D3FrAdFYuHNdxLxCKSaSaBnAYBpCQQO7BX40kSk+wIdKoPWoP28X1xS9ag/bxfXFOivVHzJ6VRJPG5wkiMe5WzUlA00+Q1fcHlQMubVWkjKDVJNI4AG2+ogUcx+bHlQQ9Yka4EKRRs6zHq2OQVJbzxz8K05dXZxdrutH95EV3wNpMq+okkjrBE5KkduMZ+NMbo9FHdAuYUchzpbJwUzqYbbZC8qebohnBghw+zrggMc5zz7+6sy3s0sgkbQG0Muy4GGBB/maveEm7o5kc9OEXFSfaSJw0NGSrRlSAwkOQAul2O2P8h+7vpn0eugO0sXVPgK+k+0TnbGPA/dTVvZki6sadOnTy7MMP5O1bVkxaFfWZI0t1ICa0zkgk5G45aufLepuzPFxk+w5lzaLHPoYLrhfYruMj+lNWONVCBRpBJAwNs862LtzJdTSED23Leycj4GosUaI86E8fFScFJ18jdK/qj5UtC/qj5VJIgQIQ6tqUNt2eB8awiM7hEGWY4A76mUUy3+i4AcYusAfmP8AUKJ1DL0X/wCM3X/Y/wBQonVz8x+Z6vZPdV8sYvuDyoGwf4rH/wCSP/ajiPzY8qB5nkilk6uNMh2xJoGpd+/+8VZlvEy7Z/W/kkUm1AMkyqH9vqxCHJGe3PZtyzTrm0je56uEBFjneFz3KCSG+QPyrWW4mVFUorMmyOyZZR4f78qx6zcap21HM+es9n3s7ny7fnWqmcTVGqNoOsTiQyLFHM2tYlhDeyTtnPZt30yd4Y5pbWVGaGORurKHDJv948KhW4mVUXQpKDCMyZKjw/35Vk3UrMxliSXUxbLx9p8sfhRQa0StELOFpUKyMzKI308lIJzg8ieXhg1iKYm1uJ3SN5Q8aozIPZyHycdp27fDuqIXM/WO7DVrADK0Y0kDkMdnhjlTZJZHVk0BUJB0omBtnH8zToWpLkbiBEt5JuqR3FsrBiucMZMavkadw+ZneKZwhlSdV1FF9oEHblvy5+Na9vcSRwzZ97qljUFM5GrJGPnUZuZsx6EEYjbUiomwPfvz+OaVD1pUy1+jJy/G7pm059X/AEVCjmOwUTKGfozbVxy7JUKTByAwOYomVhzH5nptld2Xyxp92g3FasvXJccJvHZpSRIIW5ahty7g1GWlgVHDxNFl2bym8V21QG4oAjyBuC3kqbaMwMD2DnjwJ+NYNuNSsvCb0AHJX1YkHbBG/wCFGXApbVbvHsYuEL19APmGPQmODXZfSwb/AJRvh21yfo6+7LC7+wb8KO2BWaFma8BS2Opc59AEfR1/+4Xf2D/hS+jr/wDcLv7B/wAKO9KnvT8iHA4+voAj6Ov/ANwu/sH/AApfR1/+4Xf2D/hR3pjyxIcPIinuLAUb0/IOBx9fQHXo1tbmDi1y09tPEDBgGSNlB38RRHrCuj+4yttnY06qMSeuVnUyuXWXw/8ANOzBG1cm44Bb3AbXcXakszakmwQT3bUqVV0aRo6O2nViMzXbDABzO2TjHb8K66rp27AMUqVMB1KlSoAVKlSoAVat3Yw3a4kGG29pQMnw5UqVAGbWzS2GEd29kL7WOwY7BWzSpUAf/9k=',0,'005','1','1','ES6로 익히는 고품질 자바스크립트 입문에서 서버 개발까지!  이 책은 ES6를 포함하여 최신 자바스크립트 개발을 주도하는 언어 특징과 기술, 관련 도구, 패러다임을 포괄적으로 다룬다. 변수나 제어 흐름, 함수와 같은 단순하고 직관적인 주제뿐만 아니라, 비동기 프로그래밍이나 정규표현식 같은 복잡하고 난해한 개념에 이르기까지 폭넓은 범위를 커버한다.  개발자는 프런트엔드와 백엔드 모두를 아우르는 더 강력하고 반응이 빠른 웹 앱을 만드는 방법을 배울 수 있다. 임베디드부터 웹까지 20년 넘게 프로그래밍해온 저자는 이 실용적인 책에서 ES6에 맞춰 고품질 웹 애플리케이션을 더 쉽고 만족스럽게 개발하는 방법을 제시한다.',0),('교보재 1-18','9788968483387','러닝 자바스크립트',28000,'한빛 미디어','2017-07-01','이선 브라운','data:image/jpeg;base64,/9j/4AAQSkZJRgABAQAAAQABAAD/2wCEAAkGBwgHBgkIBwgKCgkLDRYPDQwMDRsUFRAWIB0iIiAdHx8kKDQsJCYxJx8fLT0tMTU3Ojo6Iys/RD84QzQ5OjcBCgoKDQwNGg8PGjclHyU3Nzc3Nzc3Nzc3Nzc3Nzc3Nzc3Nzc3Nzc3Nzc3Nzc3Nzc3Nzc3Nzc3Nzc3Nzc3Nzc3N//AABEIAHgAXgMBIgACEQEDEQH/xAAcAAABBAMBAAAAAAAAAAAAAAAHAAIDBgEEBQj/xABEEAACAQMCAgYGBQoEBwEAAAABAgMABBESIQUxBhNBUWFxBxQiMoGRFZKTodEjM0JSU1SiscHwNWLC4RckcnN0stIW/8QAGgEAAgMBAQAAAAAAAAAAAAAAAAECAwQFBv/EACsRAAICAAMFCAMBAAAAAAAAAAABAhEDBBIFFBUxoSE0QVFSYXGRMkPwE//aAAwDAQACEQMRAD8AN5GRQ9//AAt0WcyQ2rknOoXDjtPZp8qIanIB76zU4zceRnx8th49a/AGU/o/4mdPUNZr3lpnJP8ADWiehXEASDe8OBGSfyzdnP8AR8KLdR9RHnOhM9+kVPeJmR7Jyz8GCdehl8y6lvuHEbbiZu3l+jWV6F37KWW+4cVHMiZtv4aKrW0LDBijI2ONA7OVO6iP9mn1RT3iYuEZb3+wUL0K4gz6BfcOL4B09c2cHl+jWD0MvwGJvuH4UZJ65th9WiwYYyACiEDkCo2pvqsBDAwxnV72UHtedG8TDhGW9/sFsXQbiczukV3YOyHDAStt/DUv/D3jX7ay+0b/AOaKCxIrl1RQzc2A3NPo3iYcIy3v9lM6GdF7/gfEJp7x7dkeLQOrck5zntAq5VmsYqqUnJ2zdgYEMCGiHIwnur5U6mJ7q+VVTp50wj6OwJb2oSTiE66kD+7Gv6x/oKiXItc00UEZkmkSNBzZ2AA+NaCce4Q8nVpxSzZ/1ROv40G4rR+kTtPxi9mupsaiJHyi7cgvIDy7qgHRqxutQhWJxk5CjelZKg9RSxyjMUiOO9WBptxcQ2yF7iaOJP1nYKPvoAT9GPV4zpeWJxuSjkbeXyFcY2NwbwCWSV1RtKq7lva5HGe6iwo9E3XH+F21hNetfQvBChdjG4Y48AKqg9KnCJIpeotbt5oz+aIC5XvBoQvw5rSYsG/JkENv2GoWglidWJ1xqDlgcHHjz/sUWFHovov0htOknDRe2YdNLmOWKQYaNh2H7vnXYoKdF+OT8KsknserD6szLjSs3/UB2/5huPHlV44f6Q+FXt9DatHLbl1y7SkYQ9nInI259m1Ami50q5PCePWPFbm4trZm62H2sMuNSEkBh3g4rrUxDE91fKvOnTq/fiHSu9unLMvWmOMHkFXYfD8a9Fp7q+Vee+kHBp7jhl5xiMMy2d81vc4Gw9ldz5E4+IpMcSThF6YLW50Lqbqzy5eVR9GeJzJcBQ2UaTS4bYac5P3VxeCXYhZw0jBWGCpcgGtKZvV53Kg7OSpHYaRMKg4rbE9dNKhfABGOftEn+lUiXifVcYEyMpxJrGOz2uf3VyBxZwGAO+DzFaolk1iTBZskkY3/AL2oFQQOlT2Vzw2K5gKGUrhwNuzeqbDMGtLmI7hFOfAEH8KbeXrzRKqN8iSTmpOjlhdcR4nBYW2gy3UnVHVyUd5+ANAGeC30MY9t2UZGQrHfvruB7S94hH1V0IoYnLBssSucZwN8D5UQoPRB0bSBFkN40oADyCbGo9pxyFdzhXQHozwsfkeFxyt2tckyk/W2p0KyncA4ukvTrhwsY8tLG0Urr7rpgk/eufh40WK0bThNhZTddaWcEL6dA6uMLpHcMcq3qZEYnuL5VS/SPPacK6L3vD7S3ijl4nrDBUwDq99zjmeX9irovuL5UPvS2kNzw+ykQq8kcre62TjHLbyoBNAktLZvVkkjwrAsG1RkgY8R2/Crt6N+hll0htby54pC8lkD1cLayDI/6TA7H2eXxPdVYhnhtOGQIbmRpJWcT28nJTklHU9qkbHuIoleh/jdk3R9+GSTwxXltPITEzgF1Y6gwHdvj4VFE3yOfd+hOwdmNnxm6hUn2VliWTHyIqq9PugkPQ/hVjPDfz3d3LcEElAihQM7Lv247aPPrcH7eL64ofemAes8NsXiKvHHI4dlOrSWA058Nj91SaIKavmB63MEikwhkVEDNvvnPIHuAxRd9CnBrf6Ffjzxq13cu8SMQPYRDp27skHPkKFIRbC1tnVnNxIHWeJ49l32IPaCDRf9D3FrAdFYuHNdxLxCKSaSaBnAYBpCQQO7BX40kSk+wIdKoPWoP28X1xS9ag/bxfXFOivVHzJ6VRJPG5wkiMe5WzUlA00+Q1fcHlQMubVWkjKDVJNI4AG2+ogUcx+bHlQQ9Yka4EKRRs6zHq2OQVJbzxz8K05dXZxdrutH95EV3wNpMq+okkjrBE5KkduMZ+NMbo9FHdAuYUchzpbJwUzqYbbZC8qebohnBghw+zrggMc5zz7+6sy3s0sgkbQG0Muy4GGBB/maveEm7o5kc9OEXFSfaSJw0NGSrRlSAwkOQAul2O2P8h+7vpn0eugO0sXVPgK+k+0TnbGPA/dTVvZki6sadOnTy7MMP5O1bVkxaFfWZI0t1ICa0zkgk5G45aufLepuzPFxk+w5lzaLHPoYLrhfYruMj+lNWONVCBRpBJAwNs862LtzJdTSED23Leycj4GosUaI86E8fFScFJ18jdK/qj5UtC/qj5VJIgQIQ6tqUNt2eB8awiM7hEGWY4A76mUUy3+i4AcYusAfmP8AUKJ1DL0X/wCM3X/Y/wBQonVz8x+Z6vZPdV8sYvuDyoGwf4rH/wCSP/ajiPzY8qB5nkilk6uNMh2xJoGpd+/+8VZlvEy7Z/W/kkUm1AMkyqH9vqxCHJGe3PZtyzTrm0je56uEBFjneFz3KCSG+QPyrWW4mVFUorMmyOyZZR4f78qx6zcap21HM+es9n3s7ny7fnWqmcTVGqNoOsTiQyLFHM2tYlhDeyTtnPZt30yd4Y5pbWVGaGORurKHDJv948KhW4mVUXQpKDCMyZKjw/35Vk3UrMxliSXUxbLx9p8sfhRQa0StELOFpUKyMzKI308lIJzg8ieXhg1iKYm1uJ3SN5Q8aozIPZyHycdp27fDuqIXM/WO7DVrADK0Y0kDkMdnhjlTZJZHVk0BUJB0omBtnH8zToWpLkbiBEt5JuqR3FsrBiucMZMavkadw+ZneKZwhlSdV1FF9oEHblvy5+Na9vcSRwzZ97qljUFM5GrJGPnUZuZsx6EEYjbUiomwPfvz+OaVD1pUy1+jJy/G7pm059X/AEVCjmOwUTKGfozbVxy7JUKTByAwOYomVhzH5nptld2Xyxp92g3FasvXJccJvHZpSRIIW5ahty7g1GWlgVHDxNFl2bym8V21QG4oAjyBuC3kqbaMwMD2DnjwJ+NYNuNSsvCb0AHJX1YkHbBG/wCFGXApbVbvHsYuEL19APmGPQmODXZfSwb/AJRvh21yfo6+7LC7+wb8KO2BWaFma8BS2Opc59AEfR1/+4Xf2D/hS+jr/wDcLv7B/wAKO9KnvT8iHA4+voAj6Ov/ANwu/sH/AApfR1/+4Xf2D/hR3pjyxIcPIinuLAUb0/IOBx9fQHXo1tbmDi1y09tPEDBgGSNlB38RRHrCuj+4yttnY06qMSeuVnUyuXWXw/8ANOzBG1cm44Bb3AbXcXakszakmwQT3bUqVV0aRo6O2nViMzXbDABzO2TjHb8K66rp27AMUqVMB1KlSoAVKlSoAVat3Yw3a4kGG29pQMnw5UqVAGbWzS2GEd29kL7WOwY7BWzSpUAf/9k=',0,'005','1','1','ES6로 익히는 고품질 자바스크립트 입문에서 서버 개발까지!  이 책은 ES6를 포함하여 최신 자바스크립트 개발을 주도하는 언어 특징과 기술, 관련 도구, 패러다임을 포괄적으로 다룬다. 변수나 제어 흐름, 함수와 같은 단순하고 직관적인 주제뿐만 아니라, 비동기 프로그래밍이나 정규표현식 같은 복잡하고 난해한 개념에 이르기까지 폭넓은 범위를 커버한다.  개발자는 프런트엔드와 백엔드 모두를 아우르는 더 강력하고 반응이 빠른 웹 앱을 만드는 방법을 배울 수 있다. 임베디드부터 웹까지 20년 넘게 프로그래밍해온 저자는 이 실용적인 책에서 ES6에 맞춰 고품질 웹 애플리케이션을 더 쉽고 만족스럽게 개발하는 방법을 제시한다.',0),('교보재 1-19','9791160507966','머신 러닝 교과서 with 파이썬, 사이킷런, 텐서플로',33000,'길벗','2019-05-24','세바스찬 라시카, 바히드 미자리리','https://bookthumb-phinf.pstatic.net/cover/149/228/14922892.jpg?type=m1&udate=20191203',0,'001','1','0','아마존 머신 러닝 분야 베스트셀러! 기본기에 충실한 머신 러닝 입문서  코드 실행만으로는 머신 러닝을 충분히 이해할 수 없다. 머신 러닝을 제대로 이해하고 싶다면 코드 외에도 머신 러닝 이론과 머신 러닝 알고리즘의 뒤편에 있는 수학 개념을 알아야 한다. 이 책은 이해를 돕는 개념 설명, 머신 러닝 핵심 알고리즘의 작동 방식과 사용 방법, 그 밑바탕이 되는 수학, 실용적인 예제까지 이론과 코드를 균형 있게 설명한다. 파이썬 언어와 파이썬 기반의 머신 러닝 핵심 라이브러리(SciPy, NumPy, scikit-learn, Matplotlib, Pandas)를 사용해 머신 러닝을, 텐서플로를 사용해 딥러닝을 실습하면서 머신 러닝과 딥러닝 핵심 알고리즘을 설명하고, 간단한 알고리즘은 처음부터 직접 구현해본다. 또한, 사이킷런의 기여자이자 mlxtend 라이브러리 제작자인 저자가 오랜 기간 머신 러닝 개발자로 일하면서 익힌 노하우도 책 곳곳에서 만날 수 있다. 머신 러닝에 관심 있는 분들에게 추천한다.',0),('교보재 1-2','9791160505221','Node.js 교과서',32000,'길벗','2018-08-01','조현영','http://bimage.interpark.com/goods_image/2/9/7/3/289052973g.jpg',0,'000','1','0','노드의 기본부터 실무까지, 전 과정을 한 권에 담았다! 다양한 서비스를 직접 만드는, 실무에 가장 가까운 강의! Node.js 10 + 자바스크립트 ES2018, 최신 문법으로 배우자.  서버와 데이터베이스 개념을 시작으로 노드의 기본 개념을 차근차근 설명해나간다. 군더더기 없는 직관적인 설명, 풍부한 그림으로 기본 개념을 확실히 이해하고, 노드의 기능과 생태계를 사용해보며 실제로 동작하는 서버를 만들어보자. 웹 서버, 웹 API 서버, SNS 서비스, 실시간 GIF 채팅방, 경매 시스템, 위치 기반 장소 검색 서비스, 커맨드라인 인터페이스를 모두 만들어 볼 수 있다. 실무에 당장 적용할 수 있고, 참고할 수 있는 예제와 코드를 최신 문법으로 다뤄보자.',0),('교보재 1-20','9791162241585','모던 웹을 위한 HTML5+CSS3 바이블(3판)',32000,'한빛 미디어','2019-05-01','윤인성','http://www.hanbit.co.kr/data/books/B8371709349_l.jpg',0,'000','1','0',' HTML5, CSS3를 배우는 것보다 더 중요한 것은 그것을 이용해 웹 페이지를 구현하는 것이다. 이 책은 HTML5 표준과 CSS3 표준을 사용하여 웹 페이지를 구현하는 방법을 중심으로 설명한다. 웹 페이지 레이아웃, 스마트폰 레이아웃, 태블릿 PC 레이아웃, 소셜커머스 메인 페이지 레이아웃을 담았다.',0),('교보재 1-21','9791162241585','모던 웹을 위한 HTML5+CSS3 바이블(3판)',32000,'한빛 미디어','2019-05-01','윤인성','http://www.hanbit.co.kr/data/books/B8371709349_l.jpg',0,'000','1','1',' HTML5, CSS3를 배우는 것보다 더 중요한 것은 그것을 이용해 웹 페이지를 구현하는 것이다. 이 책은 HTML5 표준과 CSS3 표준을 사용하여 웹 페이지를 구현하는 방법을 중심으로 설명한다. 웹 페이지 레이아웃, 스마트폰 레이아웃, 태블릿 PC 레이아웃, 소셜커머스 메인 페이지 레이아웃을 담았다.',0),('교보재 1-22','9791160507027','모두의 라즈베리 파이(Raspberry) with 파이썬',26000,'길벗','2019-01-20','이시이 모루나, 에사키 노리히데','http://bimage.interpark.com/goods_image/4/8/3/9/300014839g.jpg',0,'009','1','0','라즈베리 파이와 파이썬 프로그래밍을 시작하고 싶다면! 3년 연속 베스트셀러! 개정판 출간!  라즈베리 파이로 나만의 DIY 컴퓨터를 만들어 보세요! 라즈베리 파이는 손바닥만 한 크기의 마이크로 컴퓨터이다. 파이썬 프로그래밍을 학습할 수 있도록 이미 파이썬 개발 환경이 준비되어 있어 편리하다. 또한, 전자 부품을 연결하고 프로그래밍하면 불을 켜거나, 모터를 돌리거나, 조이스틱을 사용할 수 있는 등 전자 회로 제어를 할 수 있다. 이런 간단한 전자 회로 제어를 응용하면 조이스틱을 연결한 게임, 침입 방지 시스템, 내비게이션 등도 만들 수 있고, 더 나아가 로봇까지 제어할 수도 있다.  이 책으로 라즈베리 파이의 무한한 가능성에 한 걸음 내디뎌 보자. 라즈베리 파이가 무엇이고 어떻게 사용하는지 그림만 보고 따라 할 수 있게 알려준다. 파이썬 프로그래밍과 전자 회로 공작을 통해 각종 입출력 부품도 다뤄 본다. 이 책이 여러분의 첫걸음을 도와줄 것이다. 지금부터 라즈베리 파이로 무엇을 해 볼지 마음껏 상상해 보자! ',0),('교보재 1-23','9791160505856','모두의 파이썬',12000,'길벗','2018-10-09','이승찬','https://image.aladin.co.kr/product/17281/93/cover500/k692534094_1.jpg',0,'005','1','0','즐겁게 시작하는 나의 첫 프로그래밍!  프로그래밍을 한 번도 해본 적이 없어도 괜찮다. 파이썬이 무엇인지 몰라도 상관 없다. 어려운 개념과 복잡한 이론 설명은 최대한 줄이고, 초보자가 프로그래밍을 쉽게 배울 수 있도록 짧고 간단한 예제로 내용을 구성했다. 처음부터 모든 것을 다 이해하지 못해도 괜찮다. 프로그램을 따라서 입력하고, 실행 결과를 확인하며, 책에서 알려주는 대로 에러를 수정해 보자. 어느새 파이썬 프로그램으로 멋진 그림을 그리고, 계산을 하고, 간단한 게임을 만들고, 수학 문제를 푸는 자신을 발견하게 될 것이다.  『모두의 파이썬』 개정판에서는 파이썬 최신 버전을 반영하였으며, Day 19 ‘파이썬으로 수학 문제 풀기 1’의 내용을 중학 수학 2015 개정교육과정에 맞춰 수정 및 보완하였다. 나머지 내용은 초판과 동일하다.',0),('교보재 1-24','9791156644088','IT CookBook, 모바일 UI/UX 디자인 실무',28000,'한빛 아카데미','2018-07-09','이영주','http://www.hanbit.co.kr/data/books/B1065544454_l.jpg',0,'000','1','1','iOS & 안드로이드 앱 디자인의 모든 것  iOS와 안드로이드의 개발자 가이드를 바탕으로 앱 구성 요소별 디자인 가이드라인을 소개하고, 실제 구현해 볼 수 있도록 포토샵 예제를 제공한다. iOS와 안드로이드는 지향하는 디자인 콘셉트뿐만 아니라 UI 컴포넌트의 명칭, 위치, 사용법이 조금씩 다른데, 이러한 차이점을 알고 실제 디자인에 적용할 수 있도록 안내한다. 앱 디자인의 실무 스킬을 다루므로 포토샵을 어느 정도 다룰 줄 알면 내용을 좀 더 쉽게 이해할 수 있다.',0),('교보재 1-25','9788970508863','모바일 웹 + 웹 앱 + 하이브리드 앱 입문',33000,'생능출판사','2017-01-25','박성진','https://image.aladin.co.kr/product/10014/24/cover500/8970508864_1.jpg',0,'000','1','1','프로그래밍에 지식이 없는 초보자도 쉽게 앱을 만들 수 있다.  웹 기술은 초보자도 빠른 시간에 쉽게 습득할 수 있는 기술이며 다양한 응용 환경에 편리한 인터페이스로 활용할 수 있다. 때문에 이제는 컴퓨터 비전공자라도 누구나 알아야 하는 기본 기술이 되어가고 있다. 그럼에도 불구하고 아무런 맥락 없이 공부해 나가기에는 그 접근이 쉽지 않은 것도 사실이다. 초심자가 웹 기술을 배우고 익히기에 기술들이 너무나 광범위하고 복잡해서 상당한 시간과 노력을 기울여야만 하는 점들을 고려하여, 이 책은 누구나 쉽고 간단하고 빠르게 앱을 만드는 핵심 방법들에 대해 설명하고 있다.  실습을 통해 실제 앱을 만들고 판매할 수 있다.  핵심 기술에 대한 소개와 설명에 그치지 않고 실제 적용할 수 있는 다양한 구체적 예제를 통해 웹 활용 능력을 충분히 습득할 수 있도록 구성하였다. 이해를 돕는 간단한 예제 코드 수준에 그치지 않고 실제 활용 가능한 소규모의 프로젝트 코드를 제공 하였습니다. 포트폴리오 모바일 웹, 도서 관리 웹앱, 지도 관리 하이브리드앱, 맛집 관리 하이브리드앱 등 실제로 사용 가능한 수준의 다양한 예제와 전체 코드를 제공하고 있다. 이 책을 통해서 누구나 웹 기반의 앱을 개발하고 다양한 플랫폼 환경에서 동작하도록 패키징 함으로써 앱 마켓이나 스토어를 통해 배포할 수 있다.  다양한 웹 기술을 빠르고 간단하게 배울 수 있다.  HTML5, CSS3, JavaScript, jQuery, Ajax, XML, JSON, Database, jQuery Mobile, PhoneGap 등 현 시점에서 반드시 알아야 하는 필수 웹 기술 요소들에 대해 핵심적인 내용들을 예제를 통해 학습할 수 있도록 하였습니다. 방대한 내용이지만 핵심적인 개념과 다양한 마크업과 스타일, 메소드, API 함수에 대한 간결한 설명, 그리고 이를 적용한 다양한 예제를 적용하고 만들어 가다 보면 초보자라도 빠르게 전문가가 될 수 있을 것이다.  하이브리드앱을 위한 폰갭, 제이쿼리, 제이쿼리 모바일 활용  모바일 웹앱의 등장으로 웹과 네이티브앱의 경계가 무너지고 있고 다수의 네이티브앱들은 모바일 웹앱으로도 충분히 개발할 수 있다. 이 책은 모바일 웹앱과 이에 기반한 하이브리드앱을 쉽고 빠르게 개발하도록 지원해주는 프레임워크의 활용 방법에 대해 알기 쉽게 설명하였다. 특히, 안드로이드 플랫폼 기반의 웹앱과 하이브드리앱에 초점을 맞추고 있다. 손쉽게 모바일 사용자 경험(UX)를 제공하는 가장 인기있는 프레임 워크인 제이쿼리 모바일과 다양한 플랫폼 기반의 애플리케이션 개발을 위한 가장 강력한 프레임워크인 폰갭의 활용 방법과 이에 기반한 앱 개발 과정을 배울 수 있다.',0),('교보재 1-26','9791163031277','Do it! 스위프트로 아이폰 앱 만들기 - 입문',30000,'이지스퍼블리싱','2019-01-21','송호정, 이범근','http://bimage.interpark.com/goods_image/5/6/5/6/299205656g.jpg',0,'000','1','0','문법 장벽을 허물었다! 처음부터 예제로 배우니 더 빠르다! 어떤 앱에서든 써먹는 빈출 기능부터 배워야 효율적!  처음부터 예제로 만들면서 배우는『Do it! 스위프트로 아이폰 앱 만들기 - 입문』이 Swift 4.0 최신 버전을 반영해 돌아왔다! 프로그래밍의 높은 장벽을 확 낮춰주는 이 책은 프로그래머가 아니어도 볼 수 있다. 문법부터 시작하는 다른 책들과 달리 예제로 바로 접근하기 때문이다. 이 책의 엄선된 17개 실습 예제에는 어떤 앱에서든 한 번은 써야 할 기능들이 녹아있다. 내 손으로 만든 앱이 바로 눈에 보이니 책장이 술술 넘어가고 기초 문법은 덤으로 따라온다! 초보 개발자는 물론, 비전공자도 맥과 이 책만 있다면 순식간에 앱을 만들 수 있다!',0),('교보재 1-27','9791162241035','스프링 5 레시피',60000,'한빛 미디어','2018-09-01','마틴 데니엄(Marten Deinum) , 다니엘 루비오(Daniel Rubio) , 조시 롱(Josh Long)','http://www.hanbit.co.kr/data/books/B3859466837_l.jpg',0,'000','1','0','스프링 현업 개발자를 위한 스프링 5 실무 바이블(전2권)  이 책은 스프링 5에 새로 탑재된 기능 및 다양한 구성 옵션 등 업데이트된 프레임워크 전반을 실무에 유용한 해법을 제시하는 형식으로 다룹니다. IoC 컨테이너 같은 스프링 기초부터 스프링 AOP/AspectJ, 자바 EE 연계 및 원격 기술, 스프링 인티그레이션, 스프링 배치, 스프링 메시징, 트랜잭션, 스프링 MVC를 비롯하여 그레일즈 프레임워크, REST/웹 서비스 관련 실전 레시피도 제공합니다.  161가지 레시피는 과제/해결책/풀이로 구성되어 있어 현업에 유용합니다. 현업에서 풀어야 할 문제를 과제로 제시하고, 해결책으로 전반적인 방법을 확인합니다. 끝으로 실무에 당장 활용할 수 있는 예제를 중심으로 과제를 해결합니다. 지금 바로 엔터프라이즈 자바 애플리케이션을 구축하는 데 유용한 최신 스프링 기능을 집중 조명하는 예제를 내려받아 프로젝트에 마음껏 활용하세요. 엄청나게 많은 시간을 절약해줄 겁니다! ',0),('교보재 1-28','9788966187935','아마존 웹 서비스를 다루는 기술',42000,'길벗','2014-09-30','이재홍','http://pyrasis.com/assets/images/TheArtOfAmazonWebServices/TheArtOfAmazonWebServices3d.png',0,'000','1','0','아마존, 넷플릭스, 쿠키런, 드롭박스, 핀터레스트의 공통점은 무엇일까? 이들은 모두 아마존 웹 서비스를 이용한다. 자체 데이터센터를 만들고 서버를 직접 관리하는 비용보단 아마존 웹 서비스를 이용하는 비용이 더 저렴하기 때문이다. 그 결과 비즈니스에만 집중할 수 있다.  월드컵 중계, 콘서트 티켓 예매처럼 특정 기간에만 사용자가 몰리는 서비스를 위해 인프라를 구축하는 비용보단 아마존 웹 서비스를 이용해 필요한 만큼 빌려 쓰는 것이 더 저렴하다. 사용자가 일정하지 않고, 예측하기 어려운 상황에서 탄력적으로 대응해야 하는 서비스라면 아마존 웹 서비스를 이용해야 한다. 이 책은 아마존 웹 서비스의 기본 사용법부터 티켓 예매 시스템, 글로벌 사진 사이트, 게임 서버 같은 실전 시나리오 실습까지 설명한다.',0),('교보재 1-29','9791163030607','Do it! 안드로이드 앱프로그래밍',40000,'이지스퍼블리싱','2019-03-25','정재곤','https://bookthumb-phinf.pstatic.net/cover/146/422/14642204.jpg?type=m1&udate=20190629',0,'000','1','0','Do it! 안드로이드 앱 프로그래밍이 새 옷을 갈아입고 돌아왔다!  『Do it! 안드로이드 앱 프로그래밍』의 6번째 전면 개정판이 나왔다. 이번 개정판은 그동안 발전한 안드로이드 기술과 실무 환경에 맞추어 전체적으로 내용이 바뀌었다. 또 더욱 편리해진 안드로이드 스튜디오 최신 버전(3.3)의 사용 방법도 새롭게 다듬었다. 특히 이번 개정은 책만으로도 충분히 공부할 수 있도록 예제 실습 소스 코드와 설명을 더욱 보강했다. 안드로이드 분야 최고의 명강사이자 현업 프로그래머로서 국내외에서 안드로이드 앱 개발을 설계하고 가이드하는 저자가 엄선한 예제와 명쾌한 설명을 만나볼 수 있다. 이미 26만 명이 넘는 사람들이 시청한 유튜브 무료 강의도 책의 개정 내용에 맞게 다시 촬영하여 유튜브에 순차적으로 공개한다. 책 한 권만 사도 학원에 등록한 효과를 누려 볼 수 있다.',0),('교보재 1-3','9791160505221','Node.js 교과서',32000,'길벗','2018-08-01','조현영','http://bimage.interpark.com/goods_image/2/9/7/3/289052973g.jpg',0,'000','1','1','노드의 기본부터 실무까지, 전 과정을 한 권에 담았다! 다양한 서비스를 직접 만드는, 실무에 가장 가까운 강의! Node.js 10 + 자바스크립트 ES2018, 최신 문법으로 배우자.  서버와 데이터베이스 개념을 시작으로 노드의 기본 개념을 차근차근 설명해나간다. 군더더기 없는 직관적인 설명, 풍부한 그림으로 기본 개념을 확실히 이해하고, 노드의 기능과 생태계를 사용해보며 실제로 동작하는 서버를 만들어보자. 웹 서버, 웹 API 서버, SNS 서비스, 실시간 GIF 채팅방, 경매 시스템, 위치 기반 장소 검색 서비스, 커맨드라인 인터페이스를 모두 만들어 볼 수 있다. 실무에 당장 적용할 수 있고, 참고할 수 있는 예제와 코드를 최신 문법으로 다뤄보자.',0),('교보재 1-30','9791162240748','우아한 사이파이',28000,'한빛 미디어','2018-06-01','스테판 판데르발트, 해리엇 대시나우','http://www.hanbit.co.kr/data/books/B8736321868_l.jpg',0,'005','1','1','사이파이를 활용해서 수치 계산과 데이터 분석 및 예측하기  사이파이는 통계, 신호 처리, 이미지 처리 및 함수 최적화에 사용되는 파이썬 데이터 과학 핵심 라이브러리다. 이 책은 파이썬을 사용하는 과학자를 대상으로 사이파이의 기본 사용법과 관련 라이브러리를 다룰 뿐만 아니라 실제 현업에서 사용하는 읽기 쉬운 우아한 코드를 제공한다. 유전자 발현 분석, 생존율·사망률 예측, 이미지 분석·필터링·등록, 실전 레이더 전파 데이터 분석·정보 변형, 스트리밍 데이터셋 처리 문제를 사이파이, 넘파이, 팬더스, 사이킷-이미지 등으로 해결한다.  이 책의 주목표는 독자가 넘파이와 사이파이 라이브러리를 효율적으로 다루는 것이다. 사이파이 라이브러리를 사용하여 효율적으로 과학적 문제를 분석하면서, 우아한 코드를 작성하는 노력이 가치 있다는 느낌이 들길 바란다.',0),('교보재 1-33','9791196395704','친절한 SQL튜닝',38000,'디비안(Dbian)','2018-06-01','조시형','https://modo-phinf.pstatic.net/20181010_28/1539130146474VV63K_PNG/mosagFRq7M.png?type=f130_130',0,'012','1','0','책 제목은 필자가 애청하는 라디오 프로그램 ‘손에 잡히는 경제’ 중 ‘친절한 경제’라는 코너에서 착안했다. 어려운 경제 이슈를 일반인 눈높이에 맞게 풀어서 설명해 주는 진행자를 보면서 “나도 SQL 성능 문제를 저렇게 쉽게 풀어 설명하는 책을 써야겠다”는 다짐을 했다. 전작 ‘오라클 성능 고도화 원리와 해법’은 원래 개발자를 위해 쓴 책이었는데, 애초의 생각보다 DB 아키텍처를 너무 깊게 다루다 보니 개발자보다 오히려 DBA와 튜닝 전문가들이 더 많이 보는 책이 돼 버렸다. 그래서 새로 만든 책이 ‘친절한 SQL 튜닝’이다. 군더더기를 제거하고 핵심만 간추려서 개발자 눈높이에 맞게 친절하고 쉽게 풀어쓴 오라클 성능 고도화!  ‘친절한 SQL 튜닝’은 개발자를 위한 SQL 튜닝 입문서다. 20년 가까이 DB 성능 컨설팅을 수행한 현직 튜너로서 개발자에게 들려주고 싶은 DB 성능 이야기를 담았다. 핵심 성능 이론은 변하지 않으므로 일부 전작에서 그대로 차용한 내용도 있지만, 그림을 보충하고 더 쉽고 친절하게 설명하려고 노력했다. 그렇다고 DB 프로그래밍 초보자를 위한 책은 아니다. 어느 정도 경력이 쌓였는데도 성능 문제를 스스로 해결하지 못해 늘 고민하는 분들을 위한 책이다. 국가공인 SQLP(SQL 전문가) 자격검정의 핵심이론을 집중적으로 다루었으므로 이 자격증에 도전하는 분들에게도 좋은 참고서가 되리라고 믿는다. 오라클 중심으로 설명하지만, 대부분 DBMS에 공통으로 적용되는 성능 원리를 다루므로 오라클 경험이 없는 개발자도 따라오는 데 문제는 없다. 아무쪼록 정보시스템을 구축하고 운영하는 모든 개발자가 이 책을 통해 SQL 튜닝의 비밀스러운 세계를 경험하고 그 매력에 흠뻑 빠져들기를 바란다.',0),('교보재 1-34','9791163030843','Do it! 코틀린 프로그래밍',30000,'이지스퍼블리싱','2019-05-28','황영덕','https://bookthumb-phinf.pstatic.net/cover/150/005/15000572.jpg?type=m1&udate=20190625',0,'005','1','1','1.3 최신 버전으로 배우는 코틀린의 모든 것! 한 번 배울 때 안드로이드 전문 개발자에게 제대로 배우자! 안드로이드 분야에서 10년 넘게 개발한 저자가 산전수전 다 겪으며 알게 된 내용을 혼자만 알기가 아까워 책까지 썼다. 전반부에는 변수, 제어문, 함수형 프로그래밍, 객체 지향 프로그래밍, 코틀린 라이브러리 등 코틀린의 기초를 빈틈없이 공부한다. 후반부에는 실무 활용이 궁금한 독자를 위해 Anko 라이브러리, 코틀린 안드로이드 확장 등 안드로이드 앱 개발의 기초부터 응용까지 알차게 담았다. “자바도 낯선데 코틀린이라니?” 고민하는 주니어 개발자도, “자바가 익숙한데 코틀린을?” 오늘도 주저하는 시니어 개발자도 걱정하지 마시라. 절로 무릎을 탁 치게 만드는 96개의 삽화와 도해로 개념 먼저 튼튼히 쌓고, 저자가 엄선한 285개 예제를 직접 코딩해 보면 어느새 코틀린을 씹고 뜯고 맛보는 자신을 발견하게 될 것이다. 실무와 교육 경험이 풍부한 저자가 개념과 실습을 최적의 조화로 엮은 책. 코틀린을 정복하는 가장 빠르고 확실한 방법을 제시한다. 거스를 수 없는 흐름이 된 코틀린, 먼저 올라타는 것만으로도 경쟁력이 생긴다. 그대여, 망설일 시간이 없다!',0),('교보재 1-35','9791162242001','파이썬 날코딩으로 알고 짜는 딥러닝',45000,'한빛 미디어','2019-07-15','윤덕호','http://www.hanbit.co.kr/data/books/B8585180187_l.jpg',0,'001','1','0','인공 신경망 원리와 응용을 파이썬 날코딩으로 정말 깊이 이해하자!  『파이썬 날코딩으로 알고 짜는 딥러닝』 은 딥러닝 알고리즘의 원리를 깊숙이 이해하고 이를 파이썬 코딩만으로 구현하는 데 주안점을 둔다. 이를 위해 가장 간단한 신경망 구조부터 복잡한 응용 구조까지 다양한 딥러닝 신경망 예제의 실제 구현 과정을 소개한다. 그 과정에서 독자는 딥러닝 알고리즘을 텐서플로 같은 프레임워크 없이도 개발하는 능력을 갖추게 된다. 딥러닝 알고리즘을 깊이 이해하면 역설적으로 프레임워크를 이용할 때의 장단점을 더 확실히 알 수 있다. 나아가 자신만의 새로운 딥러닝 신경망을 개발하는 밑거름이 될 것이다.  예제에서 다루는 다양한 데이터셋은 이 책의 또 하나의 매력이다. 각종 인공지능 챌린지 대회가 펼쳐지는 캐글 플랫폼에서 수집한 실전 데이터셋은 딥러닝 모델의 활용 범위에 대한 상상의 지평을 넓혀줄 것이다. 전복 나이 추정, 천체 펄서 여부 판정, 철판 불량 상태 분류, 꽃 사진 이미지나 도시 소음의 분류 등의 문제를 캐글 데이터셋을 이용해 다룬다. 이 밖에도 사무용품 이미지들로 구성된 오피스31 데이터셋, 필기체 문자 이미지들을 모은 엠니스트(MNIST) 데이터셋을 비롯해 영화 동영상 파일, 회화 이미지 파일, 오토마타 문법 등 다양한 종류의 데이터셋을 예제 프로그램에서 사용한다. 여러분이 자신만의 새로운 딥러닝 신경망을 개발하고, 딥러닝을 넘어서는 인공지능의 또 다른 지평을 향해 나아가는 첫걸음에 이 책이 도움이 되기를 기대해본다.',0),('교보재 1-36','9791162241042','파이썬 웹 프로그래밍(개정판)',22000,'한빛 미디어','2018-08-17','김석훈','http://www.hanbit.co.kr/data/books/B4329597070_l.jpg',0,'000','1','1','Django 웹 프로그래밍 대표 도서, 『파이썬 웹 프로그래밍』의 최신 개정판!!  2015년 첫 출간 즉시, 장고 웹 프로그래밍 대표 도서로 자리매김한 『파이썬 웹 프로그래밍』, 기존 도서의 장점은 살리고, 파이썬 3.x 버전과 장고 2.x 버전 및 독자의 피드백을 반영하여 업그레이드된 개정판으로 돌아왔다.  이 책은 웹 개발자라면 필수적으로 갖춰야 할 거의 모든 지식을 담고 있다. 웹 기본 기술부터 파이썬 웹 개발 시 기초 지식이 되는 표준 라이브러리를 배우고, 풍부한 실습 예제를 통해 Django의 핵심 기능을 배울 수 있다. 또한 초급자를 고려하여 윈도우 환경에서 개발 환경을 구성한다. 하지만 운영 서버 배포 과정에서는 현업에 빠르게 적용할 수 있도록, PythonAnywhere를 이용한 가상 환경과 리눅스를 활용하며, 가장 널리 활용되는 Apache 웹 서버와 최근 각광받고 있는 NGINX 웹 서버를 모두 경험해 볼 수 있다.',0),('교보재 1-37','9791161340463','파이썬 클린 코드',28000,'터닝포인트','2019-02-25','마리아노 아나야','https://image.aladin.co.kr/product/17950/48/cover500/k062534234_1.jpg',0,'005','1','1','견고하면서도 확장성이 뛰어난 파이썬 코드를 만드는 비법  파이썬은 누구나 쉽게 시작할 수 있는 프로그래밍 언어이다. 그러나 이 책에서 소개하는 다음 내용을 제대로 숙지하지 않고 개발을 하다보면 더 이상은 수정이 불가능한 코드를 마주하게 된다. 어디서부터 무엇이 잘못된 걸까? 이 책을 통해 파이썬의 철학을 따르는 파이썬스러운 클린 코드를 작성하는 방법에 대해 알아보자.',0),('교보재 1-38','9788966262199','한 권으로 그리는 컴퓨터과학 로드맵',18000,'인사이트','2018-04-19','블라드스톤 페헤이라 필루','https://image.aladin.co.kr/product/14104/21/cover500/8966262198_1.jpg',0,'009','1','0','4년 동안 공부할 컴퓨터과학의 핵심 개념을 한 권에!  알고리즘, 데이터 구조, 데이터베이스, 컴퓨터 구조, 다양한 언어의 프로그래밍 패러다임. 주제마다 두툼한 책 한 권이 될 수 있는 내용을 이 얇은 책에서 모두 다루고 있습니다. 컴퓨터과학의 각 주제 중에서 기본이 되는 중요한 부분을 엄선해 예제, 그림을 통해 직관적으로 원리를 깨우치게 합니다. 초보자에게는 컴퓨터과학의 기본기를 다질 수 있게 하고, 프로그래머에게는 방향을 잃었을 때 도움을 줄 것입니다.',0),('교보재 1-39','9788966262199','한 권으로 그리는 컴퓨터과학 로드맵',18000,'인사이트','2018-04-19','블라드스톤 페헤이라 필루','https://image.aladin.co.kr/product/14104/21/cover500/8966262198_1.jpg',0,'009','1','1','4년 동안 공부할 컴퓨터과학의 핵심 개념을 한 권에!  알고리즘, 데이터 구조, 데이터베이스, 컴퓨터 구조, 다양한 언어의 프로그래밍 패러다임. 주제마다 두툼한 책 한 권이 될 수 있는 내용을 이 얇은 책에서 모두 다루고 있습니다. 컴퓨터과학의 각 주제 중에서 기본이 되는 중요한 부분을 엄선해 예제, 그림을 통해 직관적으로 원리를 깨우치게 합니다. 초보자에게는 컴퓨터과학의 기본기를 다질 수 있게 하고, 프로그래머에게는 방향을 잃었을 때 도움을 줄 것입니다.',0),('교보재 1-4','9791160509229','Vue.js 코딩 공작소',24000,'길벗','2019-09-20','에릭 한쳇, 벤자민 리스트원','https://image.aladin.co.kr/product/20782/66/cover500/k452636666_1.jpg',0,'010','1','0','웹 스토어 애플리케이션을 만들면서 배우는 Vue.js  Vue.js는 웹 애플리케이션에서 사용자 인터페이스(UI)를 만들기 위한 자바스크립트 프레임워크다. 다른 단일형 프레임워크와 달리 점진적으로 채택할 수 있게 설계되어 웹 애플리케이션의 일부분에만 적용하다가 점차 확장할 수 있으며, 처음부터 Vue.js로 구현할 수도 있다. 또한, 문법이 간단해 HTML, CSS, 자바스크립트를 경험한 적이 있다면 비교적 손쉽게 익힐 수 있다. 책 전체에 걸쳐 제품 목록, 체크아웃, 관리 인터페이스를 갖춘 웹 스토어 애플리케이션을 구축하면서 웹 애플리케이션 서비스를 준비하는 데 필요한 모든 과정을 경험한다. 실습을 통해 무엇을 어떻게 사용하는지, 왜 사용하는지를 이해해 자신만의 프로젝트를 위한 탄탄한 토대도 다질 수 있다. 자바스크립트를 알면서 Vue.js를 제대로 익히고자 하는 분께 추천한다.',0),('교보재 1-40','9788966262199','한 권으로 그리는 컴퓨터과학 로드맵',18000,'인사이트','2018-04-19','블라드스톤 페헤이라 필루','https://image.aladin.co.kr/product/14104/21/cover500/8966262198_1.jpg',0,'009','1','1','4년 동안 공부할 컴퓨터과학의 핵심 개념을 한 권에!  알고리즘, 데이터 구조, 데이터베이스, 컴퓨터 구조, 다양한 언어의 프로그래밍 패러다임. 주제마다 두툼한 책 한 권이 될 수 있는 내용을 이 얇은 책에서 모두 다루고 있습니다. 컴퓨터과학의 각 주제 중에서 기본이 되는 중요한 부분을 엄선해 예제, 그림을 통해 직관적으로 원리를 깨우치게 합니다. 초보자에게는 컴퓨터과학의 기본기를 다질 수 있게 하고, 프로그래머에게는 방향을 잃었을 때 도움을 줄 것입니다.',0),('교보재 1-41','9791162241226','한 권으로 끝내는 딥러닝 텐서플로',24000,'한빛 미디어','2018-11-05','바라스 람순다르, 레자 자데','http://bimage.interpark.com/goods_image/3/5/5/3/295663553g.jpg',0,'001','1','0','텐서플로 코드로 딥러닝 개념 원리 확실히 이해하기  딥러닝 기초 이론과 텐서플로 동작 원리를 단시간에 확실히 배울 수 있게 구성되었다. 회귀분석에서 시작해 하이퍼파라미터 최적화, CNN, RNN, 강화학습, 나아가 GPU 및 TPU까지, 딥러닝/머신러닝 관련 업무에 종사하고 있다면 반드시 알아야 할 기법과 지식을 실무 관점에서 담았다. 특히 소프트웨어 시스템을 설계해본 경험이 있는 개발자에게 도움이 되며, 딥러닝을 처음 접하는 과학자 및 다른 전문가에게도 유용한 내용으로 채웠다.',0),('교보재 1-42','9791187497158','Boot Spring Boot!: 한 권으로 정리하는 스프링 부트 A to Z',25000,'지앤선','2018-07-30','김지헌','http://bimage.interpark.com/goods_image/4/6/7/6/287194676g.jpg',0,'000','1','1','한 권으로 정리하는 스프링 부트 A to Z  저자가 여러 스프링 부트 참고문서를 기반으로 직접 써보며 습득한 내용을 기반으로 집필! 스프링 부트의 기본 설명은 물론 활용 방법과 여러 시행착오를 거쳐 얻은 노하우 수록!  스프링 부트는 스프링 기반의 웹 애플리케이션을 개발하던 때와는 확연하게 다른 경험을 개발자들에게 선사한다. 이는 다른 언어가 가지고 있던 장점들을 자바 개발자들에게 제공하며 ‘프로토타이핑’ - ‘개발’ - ‘운영’까지 이어지는 근사한 경험을 선물한다. 거기에는 XML 기반 으로 애플리케이션에 필요한 기능에 대해서 문맥(Context)으로 정의하는 흐름이 자바코드로 구성(Configuration) 하는 개념(JavaConfig)으로 변모하는 역동적인 변화가 발생한다.  이 책은 저자가 직접 스프링 부트를 써보고, 여러 스프링 부트 참고문서를 기반으로 습득한 내용을 가지고 집필했다. 스프링 부트의 기본 설명은 물론 활용 방법과 저자의 여러 시행착오를 거쳐 얻은 이와 관련된 팁 등을 기술하고 있다. ',0),('교보재 1-5','9791160509229','Vue.js 코딩 공작소',24000,'길벗','2019-09-20','에릭 한쳇, 벤자민 리스트원','https://image.aladin.co.kr/product/20782/66/cover500/k452636666_1.jpg',0,'010','1','1','웹 스토어 애플리케이션을 만들면서 배우는 Vue.js  Vue.js는 웹 애플리케이션에서 사용자 인터페이스(UI)를 만들기 위한 자바스크립트 프레임워크다. 다른 단일형 프레임워크와 달리 점진적으로 채택할 수 있게 설계되어 웹 애플리케이션의 일부분에만 적용하다가 점차 확장할 수 있으며, 처음부터 Vue.js로 구현할 수도 있다. 또한, 문법이 간단해 HTML, CSS, 자바스크립트를 경험한 적이 있다면 비교적 손쉽게 익힐 수 있다. 책 전체에 걸쳐 제품 목록, 체크아웃, 관리 인터페이스를 갖춘 웹 스토어 애플리케이션을 구축하면서 웹 애플리케이션 서비스를 준비하는 데 필요한 모든 과정을 경험한다. 실습을 통해 무엇을 어떻게 사용하는지, 왜 사용하는지를 이해해 자신만의 프로젝트를 위한 탄탄한 토대도 다질 수 있다. 자바스크립트를 알면서 Vue.js를 제대로 익히고자 하는 분께 추천한다.',0),('교보재 1-6','9791188621224','개발자도 궁금한 IT 인프라',20000,'제이펍','2018-06-11','정송화, 김영선, 전성민','https://img.ridicdn.net/cover/852000678/xxlarge',0,'009','1','0','최강 조합의 IT 인프라 만담가 3인이 뭉쳤다!  이 책은 IT 인프라 기술에 관심이 있거나 입문하려는 분들에게 필요한 기술과 현장의 생생한 이야기 등 꼭 알려주고 싶은 이야기를 담았습니다. IT 인프라의 기초 개념부터 실무에서의 다양한 사례까지를 읽기 편한 대화체로 구성하였으며, 이야기만으로 부족한 부분은 70여 개의 그림과 20여 개의 표, 그리고 40여 개의 참고와 용어 상자를 통해 이해를 도와줍니다.',0),('교보재 1-7','9791188621224','개발자도 궁금한 IT 인프라',20000,'제이펍','2018-06-11','정송화, 김영선, 전성민','https://img.ridicdn.net/cover/852000678/xxlarge',0,'009','1','1','최강 조합의 IT 인프라 만담가 3인이 뭉쳤다!  이 책은 IT 인프라 기술에 관심이 있거나 입문하려는 분들에게 필요한 기술과 현장의 생생한 이야기 등 꼭 알려주고 싶은 이야기를 담았습니다. IT 인프라의 기초 개념부터 실무에서의 다양한 사례까지를 읽기 편한 대화체로 구성하였으며, 이야기만으로 부족한 부분은 70여 개의 그림과 20여 개의 표, 그리고 40여 개의 참고와 용어 상자를 통해 이해를 도와줍니다.',0),('교보재 1-8','9788992939003','Real MySQL',45000,'위키북스','2012-05-08','이성욱','https://img1.daumcdn.net/thumb/R800x0/?scode=mtistory2&fname=https%3A%2F%2Ft1.daumcdn.net%2Fcfile%2Ftistory%2F0277164B51BB17D217',0,'012','1','0','Real MySQL, MySQL의 새로운 발견!  더 이상 MySQL은 커뮤니티나 소셜 네트워크 서비스와 떼어놓을 수 없는 관계에 있다는 것은 누구나 잘 알고 있을 것이다. 하지만 MySQL은 여기서 그치지 않고 빌링이나 결제와 같은 금전적인 처리용으로도 많이 사용되고 있는데, 이는 MySQL의 트랜잭션 처리나 안정성이 오라클과 비교해서 전혀 뒤처지지 않음을 의미한다고 볼 수 있다. 사실 MySQL(InnoDB)의 내부 처리 방식은 오라클의 그것과 거의 다르지 않기 때문에 이는 당연한 결과라고 볼 수 있다.  이 책은 지금까지의 매뉴얼 번역이나 단편적인 지식 수준을 벗어나 저자와 다른 많은 MySQL 전문가의 경험과 노력의 결과를 여러분에게 전해줄 것이다. 또한 이 책에서는 많은 그림과 벤치마크 결과를 함께 수록해 MySQL을 처음 접하는 사용자도 쉽게 이해할 수 있게 구성했다. 이 책을 계기로 지금까지 지니고 있었던 MySQL에 대한 선입견 대신 MySQL의 새로운 면모를 익히고 경험하게 되리라 확신한다. 만약 MySQL을 공부하고 있거나 MySQL을 이용한 서비스 개발이나 운영을 해야 한다면 지금 당장 이 책을 살펴보길 권장한다. 지금까지 알고 있는 것들을 넘어서서 새로운 MySQL을 경험하게 될 것이다.',0),('교보재 1-9','9791157831357','객체지향 프로그래밍',19500,'e비즈북스','2019-12-18','김동헌','https://image.aladin.co.kr/product/18352/17/cover500/k332534757_1.jpg',0,'013','1','0','프로그래머라면 피해갈 수 없는 ‘객체지향’의 개념과 원리 기초부터 활용까지 객체지향을 넓고 깊게 바라보는 새로운 솔루션  IT 분야에 종사한다면 누구나 들어보았을 객체지향 프로그래밍. C#과 JAVA로부터 KOTLIN과 마이크로서비스에 이르기까지 객체지향은 너무나 기본적인 개념으로 자리잡았다. 그러나 객체지향적으로 소프트웨어를 개발한다는 건 과연 무슨 의미일까? 객체지향이라는 말만 많이 들어보았을 뿐, 실무에서 나는 정말로 객체지향적 개발을 하고 있는 걸까?  이 책은 현장에서 소프트웨어 개발에 종사해온 저자가 객체지향을 몸으로 깨우치고, 다시 경험으로 승화시킨 노하우의 산물이다. 객체지향의 개념과 원리를 예제와 디자인패턴, UML로 한데 엮어서 마치 실제 비행기 시뮬레이션 게임을 제작하듯 풀어준다. 핵심만 찍어주는 팁박스와 개발자가 놓치지 말아야 할 기본 원리도 잘 정리해놓아서 한 권의 간단명료한 객체지향의 교과서로 쓸 만하다.',0);
/*!40000 ALTER TABLE `book` ENABLE KEYS */;
UNLOCK TABLES;

--
-- Table structure for table `bookcomment`
--

DROP TABLE IF EXISTS `bookcomment`;
/*!40101 SET @saved_cs_client     = @@character_set_client */;
/*!50503 SET character_set_client = utf8mb4 */;
CREATE TABLE `bookcomment` (
  `bookCommentId` int(11) NOT NULL AUTO_INCREMENT,
  `bookCommentContent` text NOT NULL,
  `bookCommentWriter` varchar(50) NOT NULL,
  `bookCommentDate` varchar(50) NOT NULL,
  `bookISBN` varchar(100) NOT NULL,
  PRIMARY KEY (`bookCommentId`),
  KEY `fk_bookcomment_book1_idx` (`bookISBN`),
  KEY `fk_bookcomment_bookcomment1_idx` (`bookISBN`),
  KEY `fk_bookcomment_book2_idx` (`bookISBN`),
  KEY `fk_bookcomment_user1_idx` (`bookCommentWriter`)
) ENGINE=InnoDB AUTO_INCREMENT=257 DEFAULT CHARSET=utf8;
/*!40101 SET character_set_client = @saved_cs_client */;

--
-- Dumping data for table `bookcomment`
--

LOCK TABLES `bookcomment` WRITE;
/*!40000 ALTER TABLE `bookcomment` DISABLE KEYS */;
INSERT INTO `bookcomment` VALUES (220,'많이 도움 됬어요~','test@ssafy.com','2020-02-28 01:07:09','9788956747088'),(221,'대전엔 없는 책이네요ㅠㅜ','test@ssafy.com','2020-02-28 01:11:38','9788931457070'),(223,'이거 대전엔 왜없죠 ㅠ','conon25@gmail.com','2020-02-28 17:51:09','9788931457070'),(224,'파이썬 공부할때 도움이 된 책','qwpo@nav.com','2020-02-28 17:52:39','9788968484988'),(225,'도커가 뭐죠','conon25@gmail.com','2020-02-28 17:52:49','9788956747903'),(226,'안녕하세요. 강한친구 강한육군 중사 서용재 입니다. 유니티로 전쟁시뮬레이션 게임을 만드는 임무를 받앟습니다. 전역이 답인가요 ','test@ssafy.com','2020-02-28 17:57:00','9788956748313'),(227,'그 유명한 종만북이군요','conon25@gmail.com','2020-02-28 17:59:36','9788966260546'),(229,'리엑트가 좋나여 뷰가 좋나여?','conon25@gmail.com','2020-02-28 18:04:10','9791160508796'),(230,'강한 친구 강한 육군 중사 서용재 입니ㅇㅇㅇ다. 둘다 별로고 얭귤러가 좋습니다','test@ssafy.com','2020-02-29','9791160508796'),(232,'이게 왜 인기도서죠','conon28@gmail.com','2020-02-28 18:46:27','9791160508802'),(233,'127페이지 보다가 주무신분 반성하세요. 침땜에 127붙어서 못 봅니다','conon28@gmail.com','2020-02-28 18:55:36','9791162241998'),(234,'Shinchunji1818','test@ssafy.com','2020-02-28 22:06:47','9791161752495'),(237,'Shinchunji have to go amazon!','test@ssafy.com','2020-02-28 22:11:03','9788956748238'),(238,'This is shinchunji','test@ssafy.com','2020-02-28 22:11:40','9788968484612'),(239,'이거 빌려가신분 빨리좀 반납 해줘여ㅠ 몇일째야','conon25@gmail.com','2020-02-28 22:11:59','9788956747088'),(240,'Nada i shakiya','test@ssafy.com','2020-02-28 22:13:28','9788956747088'),(241,'Shinchunji is Real world ','test@ssafy.com','2020-02-28 22:17:43','9791160508802'),(242,'병장~ 이기환!','gihwan@cc.cc','2020-02-28 22:19:00','9788931457070'),(243,'바지내려도 되겠습니까?','gihwan@cc.cc','2020-02-28 22:22:55','9788956748238'),(244,'굿','test@ssafy.com','2020-02-29 18:49:50','9788931457070'),(245,'구미도 ㅜㅜ 책이 없네요','jin2@ssafy.com','2020-03-02 12:00:52','9788931457070'),(246,'도커로 마스터 되기!','jin2@ssafy.com','2020-03-02 12:04:25','9788956747903'),(249,'1일1알고리즘!','brucewilliam@ssafy.com','2020-03-02 12:07:50','9791160508802'),(250,'제가 빌리도록 하죠~','jin2@ssafy.com','2020-03-02 21:39:48','9788931457070'),(251,'빌려봤는데 너무 재밌어요!','jin2@ssafy.com','2020-03-03 00:49:21','9788931457070'),(252,'종만북이 뭐에요?','soo0@ssafy.com','2020-03-03 09:46:53','9788966260546'),(253,'죄송합니다....','soo0@ssafy.com','2020-03-03 09:47:27','9791162241998'),(254,'클린 코더 진짜 중요합니다. 강추합니다.','soo0@ssafy.com','2020-03-03 09:49:34','9788960778818');
/*!40000 ALTER TABLE `bookcomment` ENABLE KEYS */;
UNLOCK TABLES;

--
-- Table structure for table `bookrent`
--

DROP TABLE IF EXISTS `bookrent`;
/*!40101 SET @saved_cs_client     = @@character_set_client */;
/*!50503 SET character_set_client = utf8mb4 */;
CREATE TABLE `bookrent` (
  `bookRentId` int(11) NOT NULL AUTO_INCREMENT,
  `rentFrom` varchar(45) NOT NULL,
  `rentTo` varchar(45) NOT NULL,
  `realReturn` varchar(45) DEFAULT NULL,
  `delFlag` int(11) NOT NULL DEFAULT '1',
  `userId` varchar(30) NOT NULL,
  `bookId` varchar(50) NOT NULL,
  PRIMARY KEY (`bookRentId`),
  KEY `fk_bookRent_book1_idx` (`bookId`),
  KEY `fk_bookRent_user1_idx` (`userId`),
  CONSTRAINT `fk_bookRent_book1` FOREIGN KEY (`bookId`) REFERENCES `book` (`bookId`),
  CONSTRAINT `fk_bookRent_user1` FOREIGN KEY (`userId`) REFERENCES `user` (`userId`)
) ENGINE=InnoDB AUTO_INCREMENT=163 DEFAULT CHARSET=utf8;
/*!40101 SET character_set_client = @saved_cs_client */;

--
-- Dumping data for table `bookrent`
--

LOCK TABLES `bookrent` WRITE;
/*!40000 ALTER TABLE `bookrent` DISABLE KEYS */;
INSERT INTO `bookrent` VALUES (124,'2020-02-20 16:40:38','2020-02-23 16:40:38','2020-02-20 17:07:34',1,'test@ssafy.com','000.알.19.10.3'),(128,'2020-02-20 17:26:45','2020-02-23 17:26:45','2020-02-20 17:40:19',1,'test@ssafy.com','000.알.19.10.1'),(129,'2020-02-20 17:40:21','2020-02-23 17:40:21','2020-02-20 17:40:21',1,'test@ssafy.com','000.알.19.10.1'),(143,'2020-02-25 16:21:33','2020-02-28 16:21:33','2020-02-25 16:23:08',1,'test@ssafy.com','000.알.19.10.1'),(144,'2020-02-25 17:54:48','2020-02-28 17:54:48','2020-02-25 17:55:28',1,'test@ssafy.com','000.알.19.10.1'),(149,'2020-02-28 01:02:25','2020-03-02 01:02:25','2020-02-28 16:40:08',1,'test@ssafy.com','교보재 1-14'),(150,'2020-02-28 16:42:41','2020-03-02 16:42:41','2020-02-28 16:48:26',1,'test@ssafy.com','교보재 1-14'),(151,'2020-02-24 17:49:17','2020-02-28 16:49:17',NULL,0,'test@ssafy.com','교보재 1-14'),(152,'2020-02-26 17:40:40','2020-03-01 17:40:40','2020-03-02 11:59:04',1,'ju0@ssafy.com','000.new.20.02.58'),(153,'2020-02-29 21:17:22','2020-03-03 21:17:22','2020-02-29 21:41:47',1,'conon25@gmail.com','000.알.19.10.6'),(154,'2020-02-29 21:41:52','2020-03-03 21:41:52',NULL,0,'conon25@gmail.com','000.알.19.10.6'),(155,'2020-03-01 05:43:29','2020-03-04 05:43:29','2020-03-01 05:43:52',1,'soo0@ssafy.com','000.알.19.10.1'),(162,'2020-03-03 09:40:56','2020-03-06 09:40:56','2020-03-03 09:41:05',1,'soo0@ssafy.com','000.알.19.10.1');
/*!40000 ALTER TABLE `bookrent` ENABLE KEYS */;
UNLOCK TABLES;

--
-- Table structure for table `category`
--

DROP TABLE IF EXISTS `category`;
/*!40101 SET @saved_cs_client     = @@character_set_client */;
/*!50503 SET character_set_client = utf8mb4 */;
CREATE TABLE `category` (
  `categoryId` varchar(45) NOT NULL,
  `categoryName` varchar(50) NOT NULL,
  PRIMARY KEY (`categoryId`)
) ENGINE=InnoDB DEFAULT CHARSET=utf8;
/*!40101 SET character_set_client = @saved_cs_client */;

--
-- Dumping data for table `category`
--

LOCK TABLES `category` WRITE;
/*!40000 ALTER TABLE `category` DISABLE KEYS */;
INSERT INTO `category` VALUES ('000','웹 / 모바일'),('001','머신러닝'),('002','DS / 빅데이터'),('003','블록체인'),('004','IoT'),('005','프로그래밍 언어'),('006','알고리즘'),('007','애자일'),('008','면접'),('009','CI / CD'),('010','VueJS'),('011','ReactJS'),('012','데이터베이스'),('013','기타');
/*!40000 ALTER TABLE `category` ENABLE KEYS */;
UNLOCK TABLES;

--
-- Table structure for table `city`
--

DROP TABLE IF EXISTS `city`;
/*!40101 SET @saved_cs_client     = @@character_set_client */;
/*!50503 SET character_set_client = utf8mb4 */;
CREATE TABLE `city` (
  `cityId` varchar(45) NOT NULL,
  `cityName` varchar(50) NOT NULL,
  PRIMARY KEY (`cityId`)
) ENGINE=InnoDB DEFAULT CHARSET=utf8;
/*!40101 SET character_set_client = @saved_cs_client */;

--
-- Dumping data for table `city`
--

LOCK TABLES `city` WRITE;
/*!40000 ALTER TABLE `city` DISABLE KEYS */;
INSERT INTO `city` VALUES ('0','서울'),('1','대전'),('2','구미'),('3','광주');
/*!40000 ALTER TABLE `city` ENABLE KEYS */;
UNLOCK TABLES;

--
-- Table structure for table `class`
--

DROP TABLE IF EXISTS `class`;
/*!40101 SET @saved_cs_client     = @@character_set_client */;
/*!50503 SET character_set_client = utf8mb4 */;
CREATE TABLE `class` (
  `classId` varchar(45) NOT NULL,
  `classRoom` varchar(45) NOT NULL,
  PRIMARY KEY (`classId`)
) ENGINE=InnoDB DEFAULT CHARSET=utf8;
/*!40101 SET character_set_client = @saved_cs_client */;

--
-- Dumping data for table `class`
--

LOCK TABLES `class` WRITE;
/*!40000 ALTER TABLE `class` DISABLE KEYS */;
INSERT INTO `class` VALUES ('0','1반'),('1','2반'),('2','3반'),('3','4반'),('4','5반'),('5','6반'),('6','7반'),('7','8반'),('8','9반'),('9','10반');
/*!40000 ALTER TABLE `class` ENABLE KEYS */;
UNLOCK TABLES;

--
-- Table structure for table `faq`
--

DROP TABLE IF EXISTS `faq`;
/*!40101 SET @saved_cs_client     = @@character_set_client */;
/*!50503 SET character_set_client = utf8mb4 */;
CREATE TABLE `faq` (
  `faqId` int(11) NOT NULL AUTO_INCREMENT,
  `faqTitle` text NOT NULL,
  `faqContent` text NOT NULL,
  `faqWriteDate` varchar(50) NOT NULL,
  `faqViewCnt` int(11) NOT NULL DEFAULT '0',
  `userId` varchar(30) NOT NULL,
  PRIMARY KEY (`faqId`),
  KEY `fk_FAQ_user1_idx` (`userId`),
  CONSTRAINT `fk_FAQ_user1` FOREIGN KEY (`userId`) REFERENCES `user` (`userId`)
) ENGINE=InnoDB AUTO_INCREMENT=7 DEFAULT CHARSET=utf8;
/*!40101 SET character_set_client = @saved_cs_client */;

--
-- Dumping data for table `faq`
--

LOCK TABLES `faq` WRITE;
/*!40000 ALTER TABLE `faq` DISABLE KEYS */;
INSERT INTO `faq` VALUES (6,'FAQ 게시판 활용 요령','FAQ게시판은 QnA 게시판에 주로 질문했던 사항을 모아 게시함으로써 사용자의 편의를 제고하고자 합니다.','2020-02-28 16:12:04',15,'super@ssafy.com');
/*!40000 ALTER TABLE `faq` ENABLE KEYS */;
UNLOCK TABLES;

--
-- Table structure for table `interestcategory`
--

DROP TABLE IF EXISTS `interestcategory`;
/*!40101 SET @saved_cs_client     = @@character_set_client */;
/*!50503 SET character_set_client = utf8mb4 */;
CREATE TABLE `interestcategory` (
  `userId` varchar(30) NOT NULL,
  `categoryId` varchar(45) NOT NULL,
  PRIMARY KEY (`userId`,`categoryId`),
  KEY `fk_interestCategory_category1_idx` (`categoryId`),
  KEY `fk_interestCategory_user1_idx` (`userId`),
  CONSTRAINT `fk_interestCategory_category1` FOREIGN KEY (`categoryId`) REFERENCES `category` (`categoryId`),
  CONSTRAINT `fk_interestCategory_user1` FOREIGN KEY (`userId`) REFERENCES `user` (`userId`)
) ENGINE=InnoDB DEFAULT CHARSET=utf8;
/*!40101 SET character_set_client = @saved_cs_client */;

--
-- Dumping data for table `interestcategory`
--

LOCK TABLES `interestcategory` WRITE;
/*!40000 ALTER TABLE `interestcategory` DISABLE KEYS */;
INSERT INTO `interestcategory` VALUES ('1111','001'),('1234','001'),('asdf@asdf.com','006'),('brucewilliam@ssafy.com','000'),('brucewilliam@ssafy.com','001'),('conon25@gmail.com','005'),('conon25@gmail.com','006'),('conon28@gmail.com','000'),('dd@dd.com','004'),('dddd@adfs.ccc','002'),('gihwan@cc.cc','004'),('jin2@ssafy.com','000'),('jin2@ssafy.com','001'),('jin2@ssafy.com','002'),('qwer@qwer.com','011'),('qwpo@nav.com','000'),('qwpo@nav.com','001'),('qwpo@nav.com','002'),('qwpo@nav.com','004'),('qwpo@nav.com','005'),('qwpo@nav.com','006'),('qwpo@nav.com','010'),('Sinchunji18@naver.com','013'),('son@son.com','001'),('soo0@ssafy.com','001'),('ssafy@ssafy.com','001'),('ssafy@ssafy.com','004'),('ssafy@ssafy.com','010'),('ssafy@ssafy.ssafy','002'),('ssafy@ssafy.ssafy','003'),('ssafy@ssafy.ssafy','005'),('super@ssafy.com','000'),('super@ssafy.com','001'),('super@ssafy.com','004'),('test@ssafy.com','000'),('test@ssafy.com','001'),('tester2@a.a','003'),('tester@tester.tester','003');
/*!40000 ALTER TABLE `interestcategory` ENABLE KEYS */;
UNLOCK TABLES;

--
-- Table structure for table `notice`
--

DROP TABLE IF EXISTS `notice`;
/*!40101 SET @saved_cs_client     = @@character_set_client */;
/*!50503 SET character_set_client = utf8mb4 */;
CREATE TABLE `notice` (
  `noticeId` int(11) NOT NULL AUTO_INCREMENT,
  `noticeTitle` text NOT NULL,
  `noticeContent` text NOT NULL,
  `noticeWriteDate` varchar(50) NOT NULL,
  `noticeViewCnt` int(11) NOT NULL DEFAULT '0',
  `userId` varchar(30) NOT NULL,
  PRIMARY KEY (`noticeId`),
  KEY `fk_notice_user1_idx` (`userId`),
  CONSTRAINT `fk_notice_user1` FOREIGN KEY (`userId`) REFERENCES `user` (`userId`)
) ENGINE=InnoDB AUTO_INCREMENT=60 DEFAULT CHARSET=utf8;
/*!40101 SET character_set_client = @saved_cs_client */;

--
-- Dumping data for table `notice`
--

LOCK TABLES `notice` WRITE;
/*!40000 ALTER TABLE `notice` DISABLE KEYS */;
INSERT INTO `notice` VALUES (55,'SSAFY 작은 도서관에 오신 것을 환영합니다. ','SSAFY는 전국 교육장에 작은 도서관을 배치하여 교육생들의 자기주도 학습을 장려하고 있습니다.\n본 서비스에서는 SSAFY의 정책에 기반하여 운영되고 있으며 기존의 오프라인 서비스를 온라인 서비스화하는 방법으로 SSAFY학생들의 자기주도학습 장려를 목표로 합니다.\n2020년 02월 SSAFY 대전 2기 DEVENGERS가 제작한 서비스이며 본 서비스의 저작권은 SSAFY에 있습니다. \n','2020-02-25 16:02:33',18,'super@ssafy.com'),(56,'도서 대여 및 반납 정책','SSAFY 작은 도서관은 기존의 오프라인상의 정책을 동일하게 적용합니다.\n\n대여/반납은 본 시스템의 QR코드 스캔 및 직접 책 ID입력으로 가능합니다.\n\n대여일: 최대 3일\n대여시 원위치 바랍니다.\n\n문의사항은 챗봇 및 FAQ를 확인하시거나 QnA 게시판에 질문 부탁드립니다.','2020-02-28 16:16:21',14,'super@ssafy.com'),(57,'SSAFY 교육장 휴강기간동안 대여 및 반납 정책 안내','휴강기간동안 반납하지 않은 책은 휴강기간이 종료되는 날 반납부탁드립니다.','2020-02-28 16:25:46',25,'seoul@ssafy.com'),(59,'새로운 공지를 알립니다.','오늘 부로 임시 서버 테스트를 ~18시까지 진행','2020-03-03 00:57:46',11,'daejeon@ssafy.com');
/*!40000 ALTER TABLE `notice` ENABLE KEYS */;
UNLOCK TABLES;

--
-- Table structure for table `notwindow`
--

DROP TABLE IF EXISTS `notwindow`;
/*!40101 SET @saved_cs_client     = @@character_set_client */;
/*!50503 SET character_set_client = utf8mb4 */;
CREATE TABLE `notwindow` (
  `notwindowId` int(11) NOT NULL AUTO_INCREMENT,
  `userId` varchar(30) NOT NULL,
  `content` text NOT NULL,
  `writer` varchar(30) NOT NULL,
  `title` text NOT NULL,
  `writeDate` varchar(50) NOT NULL,
  `readFlag` int(11) NOT NULL DEFAULT '0',
  PRIMARY KEY (`notwindowId`),
  KEY `userId` (`userId`),
  CONSTRAINT `notwindow_ibfk_1` FOREIGN KEY (`userId`) REFERENCES `user` (`userId`)
) ENGINE=InnoDB AUTO_INCREMENT=40 DEFAULT CHARSET=utf8;
/*!40101 SET character_set_client = @saved_cs_client */;

--
-- Dumping data for table `notwindow`
--

LOCK TABLES `notwindow` WRITE;
/*!40000 ALTER TABLE `notwindow` DISABLE KEYS */;
INSERT INTO `notwindow` VALUES (3,'test@ssafy.com','승인합니다.','super@ssafy.com','[승인] 고양이도 할 수 있는 Vue.js','2020-02-20 17:19:28',0),(4,'test@ssafy.com','승인합니다.','super@ssafy.com','[승인] 관상해석의 정석','2020-02-20 17:19:28',0),(5,'test@ssafy.com','승인합니다.','super@ssafy.com','[승인] 파이썬 클린 코드','2020-02-20 17:19:28',0),(6,'test@ssafy.com','안됩니다.','super@ssafy.com','[거부] Clean Code 클린 코드','2020-02-20 17:19:50',0),(7,'test@ssafy.com','안됩니다.','super@ssafy.com','[반려] Do it! 안드로이드 앱프로그래밍','2020-02-20 17:19:50',0),(8,'test@ssafy.com','안됩니다.','super@ssafy.com','[반려] Do it! 코틀린 프로그래밍','2020-02-20 17:19:50',0),(9,'1234','예스','super@ssafy.com','[승인] 리얼월드 알고리즘 (현실 세계 문제를 알고리즘으로 풀어본다!)','2020-02-26 14:55:00',0),(10,'1234','예스','super@ssafy.com','[승인] 리얼월드 알고리즘 (현실 세계 문제를 알고리즘으로 풀어본다!)','2020-02-26 14:55:00',0),(11,'son@son.com','1','super@ssafy.com','[거부] 신종 코로나바이러스 최대수혜주 6개 기업과 이슈 모르면 주식 대박 힘들다','2020-02-26 15:33:58',0),(12,'super@ssafy.com','안녕','super@ssafy.com','안녕','2020-02-26 22:04:06',0),(13,'daejeon@ssafy.com','안녕','super@ssafy.com','안녕','2020-02-26 22:04:31',0),(14,'test@ssafy.com','용재씨 반납하세요 서비스 전입니다.','super@ssafy.com','대여','2020-02-28 16:08:30',0),(15,'test@ssafy.com','해당 도서는 이미 교육장에 배치되어 있으며 이용에 문제가 없어 반려합니다.','daejeon@ssafy.com','[거부] Vue.js 코딩 공작소','2020-02-28 16:21:55',0),(16,'test@ssafy.com','해당 도서는 이미 교육장에 배치되어 있으며 이용에 문제가 없어 반려합니다.','daejeon@ssafy.com','[반려] aws 클라우드 기반의 django 웹 애플리케이션','2020-02-28 16:21:55',0),(17,'test@ssafy.com','해당 도서는 이미 교육장에 배치되어 있으며 이용에 문제가 없어 반려합니다.','daejeon@ssafy.com','[반려] Vue.js 철저 입문','2020-02-28 16:21:55',0),(18,'test@ssafy.com','해당 도서는 이미 교육장에 배치되어 있으며 이용에 문제가 없어 반려합니다.','daejeon@ssafy.com','[반려] 거의 모든 IT의 역사','2020-02-28 16:21:55',0),(19,'test@ssafy.com','해당 도서는 충분히 교육장에 배치되어 있으며 이용에 문제가 없어 반려합니다.','daejeon@ssafy.com','[반려] 리얼월드','2020-02-28 16:22:20',0),(20,'test@ssafy.com','2020-02-28 16:40:08에 [그림 한장으로 보는 최신 서버 가이드북] 이(가) 반납되었습니다.','시스템','[그림 한장으로 보는 최신 서버 가이드북]이(가) 대여 가능합니다.','2020-02-28 16:40:08',0),(21,'test@ssafy.com','2020-02-28 16:40:08에 [그림 한장으로 보는 최신 서버 가이드북] 이(가) 반납되었습니다.','시스템','[그림 한장으로 보는 최신 서버 가이드북]이(가) 대여 가능합니다.','2020-02-28 16:40:08',0),(22,'test@ssafy.com','2020-02-28 16:40:08에 [그림 한장으로 보는 최신 서버 가이드북] 이(가) 반납되었습니다.','시스템','[그림 한장으로 보는 최신 서버 가이드북]이(가) 대여 가능합니다.','2020-02-28 16:40:08',0),(23,'ju0@ssafy.com','11','super@ssafy.com','대여','2020-02-29 22:43:42',0),(24,'ju0@ssafy.com','2020-03-02 11:59:49에 [Amazon Web Services로 시작하는 클라우드 입문 (서버 구축 경험이 적어도! 프로그램 개발자도 쉽게!)] 이(가) 반납되었습니다.','시스템','[Amazon Web Services로 시작하는 클라우드 입문 (서버 구축 경험이 적어도! 프로그램 개발자도 쉽게!)]이(가) 대여 가능합니다.','2020-03-02 11:59:49',0),(25,'jin3@ssafy.com','이미 충분히 배치되어 있습니다.','super@ssafy.com','[반려] 밑바닥부터 시작하는 딥러닝 2 (파이썬으로 직접 구현하며 배우는 순환 신경망과 자연어 처리)','2020-03-02 16:40:50',0),(26,'jin3@ssafy.com','승인되었습니다.','super@ssafy.com','[승인] プログレッシブウェブアプリPWA開發入門','2020-03-02 16:52:56',0),(27,'jin3@ssafy.com','현재 IT 관련 도서의 신청만 승인됩니다.','super@ssafy.com','[반려] 코스모스','2020-03-02 16:53:20',0),(28,'jin1@ssafy.com','IT관련도서만 신청하실 수 아닙니다.','super@ssafy.com','[반려] ㄴㄴ','2020-03-02 21:45:11',0),(29,'jin1@ssafy.com','IT관련도서만 신청하실 수 아닙니다.','super@ssafy.com','[반려] 빨라지고 강해지는 이것이 연산이다 (F3, 비와 비례,초등 6과정)','2020-03-02 21:45:11',0),(30,'jin2@ssafy.com','승인되었습니다.','super@ssafy.com','[승인] 머신 러닝 교과서 with 파이썬, 사이킷런, 텐서플로','2020-03-02 21:45:49',0),(31,'test@ssafy.com','펭수 책은 IT 교재가 아닙니다.','daejeon@ssafy.com','[반려] 오늘도 펭수 내일도 펭수','2020-03-03 00:57:16',0),(32,'test@ssafy.com','IT관련도서를 신청해주세요','daejeon@ssafy.com','[반려] 오늘도 펭수 내일도 펭수','2020-03-03 11:36:35',0),(33,'test@ssafy.com','IT관련도서를 신청해주세요','daejeon@ssafy.com','[반려] 펭아트 #페이퍼토이북 (펭수의 #페이퍼토이북)','2020-03-03 11:36:35',0),(34,'test@ssafy.com','IT관련도서를 신청해주세요','daejeon@ssafy.com','[반려] 펭수 달력 B형(실사 형)','2020-03-03 11:36:35',0),(35,'test@ssafy.com','IT관련도서를 신청해주세요','daejeon@ssafy.com','[반려] 펭수 달력 A형(그래픽 형)','2020-03-03 11:36:35',0),(36,'test@ssafy.com','IT관련도서를 신청해주세요','daejeon@ssafy.com','[반려] 그레이의 50가지 그림자 1','2020-03-03 11:36:35',0),(37,'test@ssafy.com','IT관련도서를 신청해주세요','daejeon@ssafy.com','[반려] 그레이의 50가지 그림자 세트 (전2권)','2020-03-03 11:36:35',0),(38,'test@ssafy.com','IT관련도서를 신청해주세요','daejeon@ssafy.com','[반려] \'그레이의 50가지 그림자\'처럼 섹스하기','2020-03-03 11:36:35',0),(39,'soo0@ssafy.com','IT관련도서를 신청해주시기 바랍니다.','seoul@ssafy.com','[반려] 삼국지 세트 (특별합본호,전3권)','2020-03-03 11:47:04',0);
/*!40000 ALTER TABLE `notwindow` ENABLE KEYS */;
UNLOCK TABLES;

--
-- Table structure for table `qna`
--

DROP TABLE IF EXISTS `qna`;
/*!40101 SET @saved_cs_client     = @@character_set_client */;
/*!50503 SET character_set_client = utf8mb4 */;
CREATE TABLE `qna` (
  `qnaId` int(11) NOT NULL AUTO_INCREMENT,
  `qnaTitle` text NOT NULL,
  `qnaContent` text NOT NULL,
  `qnaWriteDate` varchar(50) NOT NULL,
  `qnaViewCnt` int(11) NOT NULL DEFAULT '0',
  `userId` varchar(30) NOT NULL,
  PRIMARY KEY (`qnaId`),
  KEY `fk_QNA_user1_idx` (`userId`),
  CONSTRAINT `fk_QNA_user1` FOREIGN KEY (`userId`) REFERENCES `user` (`userId`)
) ENGINE=InnoDB AUTO_INCREMENT=29 DEFAULT CHARSET=utf8;
/*!40101 SET character_set_client = @saved_cs_client */;

--
-- Dumping data for table `qna`
--

LOCK TABLES `qna` WRITE;
/*!40000 ALTER TABLE `qna` DISABLE KEYS */;
INSERT INTO `qna` VALUES (24,'사용 시 불편한 점 알려드려요!','관리 페이지가 잘 안들어 가집니다!','2020-03-02 16:37:11',5,'jin3@ssafy.com'),(25,'제가 신청 한 책은 반려가 되었나요?','일주일 전 신청 했는데 아직 답이 없어요!','2020-03-02 17:51:53',9,'jin3@ssafy.com'),(26,'아이폰으로 신청하고 싶어요!','아이폰유저에요!','2020-03-03 00:51:52',7,'jin2@ssafy.com'),(27,'책 신청 결과','책 신청 했는데 결과는 언제쯤 나와여?','2020-03-03 11:31:28',8,'test@ssafy.com'),(28,'pwa아이콘 만들기','어떻게 만들어여?','2020-03-03 11:42:12',6,'test@ssafy.com');
/*!40000 ALTER TABLE `qna` ENABLE KEYS */;
UNLOCK TABLES;

--
-- Table structure for table `qnacomment`
--

DROP TABLE IF EXISTS `qnacomment`;
/*!40101 SET @saved_cs_client     = @@character_set_client */;
/*!50503 SET character_set_client = utf8mb4 */;
CREATE TABLE `qnacomment` (
  `qnaCommentId` int(11) NOT NULL AUTO_INCREMENT,
  `qnaCommentContent` text NOT NULL,
  `qnaCommentWriter` varchar(30) NOT NULL,
  `qnaCommentDate` varchar(45) NOT NULL,
  `qnaId` int(11) NOT NULL,
  PRIMARY KEY (`qnaCommentId`),
  KEY `fk_qnaComment_QNA1_idx` (`qnaId`),
  CONSTRAINT `fk_qnacomment_qna1` FOREIGN KEY (`qnaId`) REFERENCES `qna` (`qnaId`) ON DELETE CASCADE ON UPDATE CASCADE
) ENGINE=InnoDB AUTO_INCREMENT=78 DEFAULT CHARSET=utf8;
/*!40101 SET character_set_client = @saved_cs_client */;

--
-- Dumping data for table `qnacomment`
--

LOCK TABLES `qnacomment` WRITE;
/*!40000 ALTER TABLE `qnacomment` DISABLE KEYS */;
INSERT INTO `qnacomment` VALUES (71,'서비스 개선하였습니다. 감사합니다.','super@ssafy.com','2020-03-02 16:40:02',24),(72,'잠시만 기다리면 될까요?','jin3@ssafy.com','2020-03-02 17:58:44',25),(74,'언제까지 기다리면 될까요?','jin2@ssafy.com','2020-03-02 21:41:57',25),(75,'그만해요!','jin2@ssafy.com','2020-03-03 00:51:33',25),(76,'네 알겠습니다.','daejeon@ssafy.com','2020-03-03 00:58:05',26),(77,'배고파요','test@ssafy.com','2020-03-03 11:16:26',25);
/*!40000 ALTER TABLE `qnacomment` ENABLE KEYS */;
UNLOCK TABLES;

--
-- Table structure for table `rentmark`
--

DROP TABLE IF EXISTS `rentmark`;
/*!40101 SET @saved_cs_client     = @@character_set_client */;
/*!50503 SET character_set_client = utf8mb4 */;
CREATE TABLE `rentmark` (
  `bookISBN` varchar(100) COLLATE utf8_bin NOT NULL,
  `cityId` varchar(45) COLLATE utf8_bin NOT NULL,
  `userId` varchar(30) COLLATE utf8_bin NOT NULL
) ENGINE=InnoDB DEFAULT CHARSET=utf8 COLLATE=utf8_bin;
/*!40101 SET character_set_client = @saved_cs_client */;

--
-- Dumping data for table `rentmark`
--

LOCK TABLES `rentmark` WRITE;
/*!40000 ALTER TABLE `rentmark` DISABLE KEYS */;
INSERT INTO `rentmark` VALUES ('9788956747088','1','conon25@gmail.com'),('9788956747088','1','conon25@gmail.com');
/*!40000 ALTER TABLE `rentmark` ENABLE KEYS */;
UNLOCK TABLES;

--
-- Table structure for table `reqbook`
--

DROP TABLE IF EXISTS `reqbook`;
/*!40101 SET @saved_cs_client     = @@character_set_client */;
/*!50503 SET character_set_client = utf8mb4 */;
CREATE TABLE `reqbook` (
  `reqId` int(11) NOT NULL AUTO_INCREMENT,
  `reqCity` varchar(45) DEFAULT NULL,
  `userClass` varchar(45) NOT NULL,
  `consultant` varchar(45) DEFAULT NULL,
  `coach` varchar(50) DEFAULT NULL,
  `pjtWeek` varchar(45) DEFAULT NULL,
  `period` varchar(45) DEFAULT NULL,
  `userTeam` varchar(45) NOT NULL,
  `bookName` text NOT NULL,
  `bookISBN` varchar(100) DEFAULT NULL,
  `publisher` varchar(50) NOT NULL,
  `bookPrice` varchar(50) NOT NULL,
  `reqReason` text NOT NULL,
  `have` tinyint(4) DEFAULT NULL,
  `bookImg` varchar(1000) DEFAULT NULL,
  `delflag` int(11) DEFAULT NULL,
  `userName` varchar(45) NOT NULL,
  `userId` varchar(45) NOT NULL,
  PRIMARY KEY (`reqId`)
) ENGINE=InnoDB AUTO_INCREMENT=124 DEFAULT CHARSET=utf8;
/*!40101 SET character_set_client = @saved_cs_client */;

--
-- Dumping data for table `reqbook`
--

LOCK TABLES `reqbook` WRITE;
/*!40000 ALTER TABLE `reqbook` DISABLE KEYS */;
INSERT INTO `reqbook` VALUES (85,'대전','2반','','','','','1','리얼월드','9791160508802','길벗','32000','ㅇㅇ',1,'https://bookthumb-phinf.pstatic.net/cover/153/711/15371179.jpg?type=m1&udate=20190925',1,'서용재','test@ssafy.com'),(86,'대전','2반','','','','','1','리얼월드 알고리즘 (현실 세계 문제를 알고리즘으로 풀어본다!)','9791160508802','길벗','32000','ㅇㅇㅇ',1,'https://bookthumb-phinf.pstatic.net/cover/153/711/15371179.jpg?type=m1&udate=20190925',0,'서용재','test@ssafy.com'),(87,'대전','2반','','','','','1','러닝 자바스크립트','9788968483387','한빛미디어','28000','ㅇㅇㅇ',1,'https://bookthumb-phinf.pstatic.net/cover/121/818/12181869.jpg?type=m1&udate=20190216',0,'서용재','test@ssafy.com'),(88,'대전','2반','','','','','1','Vue.js 코딩 공작소','9791160509229','길벗','24000','ㅇㅇㅇ',1,'https://bookthumb-phinf.pstatic.net/cover/154/765/15476504.jpg?type=m1&udate=20191106',1,'서용재','test@ssafy.com'),(89,'대전','2반','','','','','1','머신 러닝 교과서 with 파이썬, 사이킷런, 텐서플로','9791160507966','길벗','33000','ㅇㅇㅇ',1,'https://bookthumb-phinf.pstatic.net/cover/149/228/14922892.jpg?type=m1&udate=20191203',0,'서용재','test@ssafy.com'),(90,'대전','2반','','','','','1','aws 클라우드 기반의 django 웹 애플리케이션','9788960882720','디지털북스','28000','ㅇㅇㅇ',1,'https://bookthumb-phinf.pstatic.net/cover/154/318/15431853.jpg?type=m1&udate=20190911',1,'서용재','test@ssafy.com'),(91,'대전','2반','','','','','1','Clean Code 클린 코드','9788966260959','인사이트','33000','ㅇㅇㅇ',1,'https://bookthumb-phinf.pstatic.net/cover/073/902/07390287.jpg?type=m1&udate=20190426',1,'서용재','test@ssafy.com'),(92,'대전','2반','','','','','1','Do it! 안드로이드 앱프로그래밍','9791163030607','이지스퍼블리싱','40000','ㅇㅇㅇ',1,'https://bookthumb-phinf.pstatic.net/cover/146/422/14642204.jpg?type=m1&udate=20190629',1,'서용재','test@ssafy.com'),(93,'대전','2반','','','','','1','Do it! 코틀린 프로그래밍','9791163030843','이지스퍼블리싱','30000','ㅇㅇㅇ',1,'https://bookthumb-phinf.pstatic.net/cover/150/005/15000572.jpg?type=m1&udate=20190625',1,'서용재','test@ssafy.com'),(94,'대전','2반','','','','','1','Vue.js 철저 입문','9791158391508','위키북스','30000','ㅇㅇㅇ',1,'https://bookthumb-phinf.pstatic.net/cover/147/966/14796608.jpg?type=m1&udate=20190419',1,'서용재','test@ssafy.com'),(95,'대전','2반','','','','','1','거의 모든 IT의 역사','9788994612034','메디치미디어','16000','ㅇㅇ',1,'https://bookthumb-phinf.pstatic.net/cover/064/237/06423780.jpg?type=m1&udate=20191230',1,'서용재','test@ssafy.com'),(96,'대전','2반','','','','','1','고양이도 할 수 있는 Vue.js','9791188621545','제이펍','24000','ㅇㅇ',1,'https://bookthumb-phinf.pstatic.net/cover/149/262/14926249.jpg?type=m1&udate=20190516',1,'서용재','test@ssafy.com'),(97,'대전','2반','','','','','1','관상해석의 정석','9788974614478','문원북','17000','ㅇㅇ',1,'https://bookthumb-phinf.pstatic.net/cover/153/013/15301305.jpg?type=m1&udate=20190807',1,'서용재','test@ssafy.com'),(98,'대전','2반','','','','','1','파이썬 클린 코드','9791161340463','터닝포인트','28000','ㅇㅇ',1,'https://bookthumb-phinf.pstatic.net/cover/144/690/14469064.jpg?type=m1&udate=20190130',1,'서용재','test@ssafy.com'),(99,'대전','2반','','','','','1','신종 코로나바이러스 최대수혜주 6개 기업과 이슈 모르면 주식 대박 힘들다','9791161823812','비피기술거래','19500','코로나가 무서워요',0,'https://bookthumb-phinf.pstatic.net/cover/162/692/16269205.jpg?type=m1&udate=20200219',1,'손경수','son@son.com'),(100,'서울','1반','','','','','0','리얼월드 알고리즘 (현실 세계 문제를 알고리즘으로 풀어본다!)','9791160508802','길벗','32000','ㅇㅇ',1,'https://bookthumb-phinf.pstatic.net/cover/153/711/15371179.jpg?type=m1&udate=20190925',0,'1234','1234'),(101,'서울','1반','','','','','0','리얼월드 알고리즘 (현실 세계 문제를 알고리즘으로 풀어본다!)','9791160508802','길벗','32000','ㅇ',1,'https://bookthumb-phinf.pstatic.net/cover/153/711/15371179.jpg?type=m1&udate=20190925',0,'1234','1234'),(102,'서울','1반','','','','','0','리얼월드 알고리즘 (현실 세계 문제를 알고리즘으로 풀어본다!)','9791160508802','길벗','32000','ㅇ',1,'https://bookthumb-phinf.pstatic.net/cover/153/711/15371179.jpg?type=m1&udate=20190925',1,'1234','1234'),(103,'서울','1반','','','','','0','리얼월드 알고리즘 (현실 세계 문제를 알고리즘으로 풀어본다!)','9791160508802','길벗','32000','ㅇ',1,'https://bookthumb-phinf.pstatic.net/cover/153/711/15371179.jpg?type=m1&udate=20190925',1,'1234','1234'),(104,'대전','2반','','','','','1','오늘도 펭수 내일도 펭수','9791130627366','놀','17000','펭하',0,'https://bookthumb-phinf.pstatic.net/cover/158/745/15874505.jpg?type=m1&udate=20200218',1,'서용재','test@ssafy.com'),(105,'대전','2반','','','','','1','펭아트 #페이퍼토이북 (펭수의 #페이퍼토이북)','9788954752565','EBS한국교육방송공사','18000','펭하',0,'https://bookthumb-phinf.pstatic.net/cover/162/679/16267942.jpg?type=m1&udate=20200219',1,'서용재','test@ssafy.com'),(106,'대전','2반','','','','','1','펭수 달력 B형(실사 형)','8809711170017','소유코퍼레이션','9900','펭하',0,'https://bookthumb-phinf.pstatic.net/cover/159/873/15987372.jpg?type=m1&udate=20191227',1,'서용재','test@ssafy.com'),(107,'대전','2반','','','','','1','오늘도 펭수 내일도 펭수','9791130627366','놀','17000','펭하',0,'https://bookthumb-phinf.pstatic.net/cover/158/745/15874505.jpg?type=m1&udate=20200218',1,'서용재','test@ssafy.com'),(108,'광주','1반','','','','','0','밑바닥부터 시작하는 딥러닝 2 (파이썬으로 직접 구현하며 배우는 순환 신경망과 자연어 처리)','9791162241745','한빛미디어','29000','공부하고 싶어요',1,'https://bookthumb-phinf.pstatic.net/cover/147/970/14797086.jpg?type=m1&udate=20191010',1,'광주성진','jin3@ssafy.com'),(109,'광주','1반','','','','','0','プログレッシブウェブアプリPWA開發入門','9784844398196','インプレスR&','32890','공부하고 싶어요',0,'https://bookthumb-phinf.pstatic.net/cover/135/838/13583853.jpg?type=m1&udate=20180505',1,'광주성진','jin3@ssafy.com'),(110,'광주','1반','','','','','0','코스모스','9788983711892','사이언스북스','18500','고웁요',0,'https://bookthumb-phinf.pstatic.net/cover/026/239/02623907.jpg?type=m1&udate=20081210',1,'광주성진','jin3@ssafy.com'),(111,'광주','1반','','','','','0','박 회계사의 완벽한 재무제표 활용법','9791160509632','더퀘스트','26000','11',0,'https://bookthumb-phinf.pstatic.net/cover/157/663/15766311.jpg?type=m1&udate=20191227',0,'광주성진','jin3@ssafy.com'),(112,'광주','1반','','','','','0','박 회계사의 완벽한 재무제표 활용법','9791160509632','더퀘스트','26000','11',0,'https://bookthumb-phinf.pstatic.net/cover/157/663/15766311.jpg?type=m1&udate=20191227',0,'광주성진','jin3@ssafy.com'),(113,'광주','1반','','','','','0','박 회계사의 완벽한 재무제표 활용법','9791160509632','더퀘스트','26000','11',0,'https://bookthumb-phinf.pstatic.net/cover/157/663/15766311.jpg?type=m1&udate=20191227',0,'광주성진','jin3@ssafy.com'),(114,'대전','1반','','','','','0','웹 앱 API 개발을 위한 GraphQL (그래프 이론, 스키마, GraphQL 서비스와 클라이언트까지)','9788966262533','인사이트','22000','등',0,'https://bookthumb-phinf.pstatic.net/cover/156/603/15660381.jpg?type=m1&udate=20191105',0,'대전성진','jin1@ssafy.com'),(115,'대전','1반','','','','','0','ㄴㄴ','480120003534P','교보문고','100','ㄴㄴ',0,'https://bookthumb-phinf.pstatic.net/cover/070/884/07088456.jpg?type=m1&udate=20121129',1,'대전성진','jin1@ssafy.com'),(116,'대전','1반','','','','','0','빨라지고 강해지는 이것이 연산이다 (F3, 비와 비례,초등 6과정)','9788962438567','시매쓰','7000','ㅁㅁ',0,'https://bookthumb-phinf.pstatic.net/cover/102/726/10272687.jpg?type=m1&udate=20160304',1,'대전성진','jin1@ssafy.com'),(117,'구미','1반','','','','','0','머신 러닝 교과서 with 파이썬, 사이킷런, 텐서플로','9791160507966','길벗','33000','공부하고 싶어요~!',1,'https://bookthumb-phinf.pstatic.net/cover/149/228/14922892.jpg?type=m1&udate=20191203',1,'구미성진','jin2@ssafy.com'),(118,'구미','1반','','','','','0','머신 러닝 교과서 with 파이썬, 사이킷런, 텐서플로','9791160507966','길벗','33000','파이썬을 공부하기 위함',1,'https://bookthumb-phinf.pstatic.net/cover/149/228/14922892.jpg?type=m1&udate=20191203',0,'구미성진','jin2@ssafy.com'),(119,'서울','1반','','','','','0','삼국지 세트 (특별합본호,전3권)','9788936479497','창비','60000','스펙타클한 개발을 하고 싶습니다.',0,'https://bookthumb-phinf.pstatic.net/cover/152/587/15258743.jpg?type=m1&udate=20200226',1,'서울경수','soo0@ssafy.com'),(120,'대전','2반','','','','','1','펭수 달력 A형(그래픽 형)','8809711170024','소유코퍼레이션','9900','펭수조아여',0,'https://bookthumb-phinf.pstatic.net/cover/159/873/15987371.jpg?type=m1&udate=20191231',1,'서용재','test@ssafy.com'),(121,'대전','2반','','','','','1','그레이의 50가지 그림자 1','9788952766441','시공사','12000','공부',0,'https://bookthumb-phinf.pstatic.net/cover/069/768/06976878.jpg?type=m1&udate=20190212',1,'서용재','test@ssafy.com'),(122,'대전','2반','','','','','1','그레이의 50가지 그림자 세트 (전2권)','9788952766434','시공사','24000','공부',0,'https://bookthumb-phinf.pstatic.net/cover/069/809/06980911.jpg?type=m1&udate=20130402',1,'서용재','test@ssafy.com'),(123,'대전','2반','','','','','1','\'그레이의 50가지 그림자\'처럼 섹스하기','9791187074557','달빛속풍경','3000','공부',0,'https://bookthumb-phinf.pstatic.net/cover/114/921/11492119.jpg?type=m1&udate=20170802',1,'서용재','test@ssafy.com');
/*!40000 ALTER TABLE `reqbook` ENABLE KEYS */;
UNLOCK TABLES;

--
-- Table structure for table `user`
--

DROP TABLE IF EXISTS `user`;
/*!40101 SET @saved_cs_client     = @@character_set_client */;
/*!50503 SET character_set_client = utf8mb4 */;
CREATE TABLE `user` (
  `userId` varchar(30) NOT NULL,
  `userPw` varchar(50) NOT NULL,
  `studentId` varchar(45) NOT NULL,
  `email` varchar(100) NOT NULL,
  `userName` varchar(45) NOT NULL,
  `phone` varchar(45) NOT NULL,
  `userImg` text,
  `delFlag` int(11) NOT NULL DEFAULT '0',
  `overduePeriod` int(11) DEFAULT '0',
  `userRoleId` varchar(45) NOT NULL DEFAULT '1',
  `cityId` varchar(45) NOT NULL,
  `classId` varchar(45) DEFAULT NULL,
  PRIMARY KEY (`userId`),
  KEY `fk_user_userRole1_idx` (`userRoleId`),
  KEY `fk_user_city1_idx` (`cityId`),
  CONSTRAINT `fk_user_city1` FOREIGN KEY (`cityId`) REFERENCES `city` (`cityId`),
  CONSTRAINT `fk_user_userRole1` FOREIGN KEY (`userRoleId`) REFERENCES `userrole` (`userRoleId`)
) ENGINE=InnoDB DEFAULT CHARSET=utf8;
/*!40101 SET character_set_client = @saved_cs_client */;

--
-- Dumping data for table `user`
--

LOCK TABLES `user` WRITE;
/*!40000 ALTER TABLE `user` DISABLE KEYS */;
INSERT INTO `user` VALUES ('1111','1111','1212','test@ssafy.com','111','111',NULL,0,0,'0','1','1'),('brucewilliam@ssafy.com','11111111','0244890','brucewilliam@ssafy.com','이동근','01080907783',NULL,0,0,'0','1','1'),('conon25@gmail.com','dyd13542','0233260','conon25@gmail.com','서용재2','01029184315','/0233260.jpeg',0,0,'0','1','1'),('conon28@gmail.com','dyd13542','0233255','conon28@gmail.com','서용재3','01029184315','/0233255.jpeg',0,0,'0','0','2'),('daejeon@ssafy.com','11111111','0000001','daejeon@daejeon.com','대전 관리자','1231234112','/0000001.gif',0,0,'2','1','0'),('dddd@adfs.ccc','123456789','036549','ddd@ad.ccc','다시','111111111',NULL,0,0,'0','3','0'),('gihwan@cc.cc','dyd13542','004864','conon25@gmail.com','상병 이기환','00000','/004864.jpeg',0,0,'0','2','3'),('gumi@ssafy.com','11111111','0000002','gumi@gumi.com','구미 관리자','123141241','/blank-profile-picture-973460__340.png',0,0,'2','2','0'),('gwangju@ssafy.com','11111111','0000003','gwangju@gwangju.com','광주 관리자','123124111','/0000003.jpeg',0,0,'2','3','0'),('jae0@ssafy.com','11111111','0233265','jae0@ssafy.com','서울용재','01029184315',NULL,0,0,'0','0','0'),('jae1@ssafy.com','11111111','0233266','jae1@ssafy.com','대전용재','01029184315',NULL,0,0,'0','1','0'),('jae2@ssafy.com','11111111','0233264','jae2@ssafy.com','구미용재','01029184315',NULL,0,0,'0','2','0'),('jae3@ssafy.com','11111111','0233267','jae3@ssafy.com','광주용재','01029184315',NULL,0,0,'0','3','0'),('jin0@ssafy.com','11111111','0233506','jin0@ssafy.com','서울성진','01067628022',NULL,0,0,'0','0','0'),('jin1@ssafy.com','11111111','0233509','jin1@ssafy.com','대전성진','01067628022',NULL,0,0,'0','1','0'),('jin2@ssafy.com','11111111','0233508','jin2@ssafy.com','구미성진','01067628022','/0233508.jpeg',0,0,'0','2','0'),('jin3@ssafy.com','11111111','0233507','jin3@ssafy.com','광주성진','01067628022','/0233507.jpeg',0,0,'0','3','0'),('ju0@ssafy.com','11111111','0234424','ju0@ssafy.com','서울정주','01020568386','',0,0,'0','0','0'),('ju1@ssafy.com','11111111','0234423','ju1@ssafy.com','대전정주','01020568386',NULL,0,0,'0','1','0'),('ju2@ssafy.com','11111111','0234422','ju2@ssafy.com','구미정주','01020568386',NULL,0,0,'0','2','0'),('ju3@ssafy.com','11111111','0234421','ju3@ssafy.com','광주정주','01020568386',NULL,0,0,'0','3','0'),('qwpo@nav.com','qwer1234','09387462911','','고병권','01012345678',NULL,0,0,'0','1','1'),('seoul@ssafy.com','11111111','0000000','seoul@seoul.com','서울 관리자','123456767','/0000000.png',0,0,'2','0','0'),('Sinchunji18@naver.com','123456789','20018','123456789','신천지18','010200001818',NULL,0,0,'0','2','0'),('soo0@ssafy.com','11111111','0233274','soo0@ssafy.com','서울경수','01067113386','/0233274.jpeg',0,0,'0','0','0'),('soo1@ssafy.com','11111111','0233272','soo1@ssafy.com','대전경수','01067113386','/0233272.png',0,0,'0','1','1'),('soo2@ssafy.com','11111111','0233271','soo2@ssafy.com','구미경수','01067113386','/0233271.jpeg',0,0,'0','2','0'),('soo3@ssafy.com','11111111','0233273','soo3@ssafy.com','광주경수','01067113386','/0233273.jpeg',0,0,'0','3','0'),('ssafy@ssafy.com','12341234','12341235','ssafy@multicampus.com','1234','12341234',NULL,0,0,'0','0','0'),('ssafy@ssafy.ssafy','ssafyssafy','abc','ssafy@ssafy.ssafy','ssafy','01033333333',NULL,0,0,'0','0','1'),('super@ssafy.com','11111111','9999999','super@samsung.com','최상위관리자','1234567891','/blank-profile-picture-973460__340.png',0,0,'1','0','0'),('test@ssafy.com','dyd13542','0233266','conon25@gmail.com','서용재','01029184315','/0233266.jpeg',0,0,'0','1','1'),('tester@tester.tester','1q2w3e4r','22222','siro@yo.yo','박신종','00000000000',NULL,0,0,'0','1','1');
/*!40000 ALTER TABLE `user` ENABLE KEYS */;
UNLOCK TABLES;

--
-- Table structure for table `userrole`
--

DROP TABLE IF EXISTS `userrole`;
/*!40101 SET @saved_cs_client     = @@character_set_client */;
/*!50503 SET character_set_client = utf8mb4 */;
CREATE TABLE `userrole` (
  `userRoleId` varchar(45) NOT NULL,
  `roleName` varchar(45) NOT NULL,
  PRIMARY KEY (`userRoleId`)
) ENGINE=InnoDB DEFAULT CHARSET=utf8;
/*!40101 SET character_set_client = @saved_cs_client */;

--
-- Dumping data for table `userrole`
--

LOCK TABLES `userrole` WRITE;
/*!40000 ALTER TABLE `userrole` DISABLE KEYS */;
INSERT INTO `userrole` VALUES ('0','학생'),('1','최상위 관리자'),('2','관리자');
/*!40000 ALTER TABLE `userrole` ENABLE KEYS */;
UNLOCK TABLES;
/*!40103 SET TIME_ZONE=@OLD_TIME_ZONE */;

/*!40101 SET SQL_MODE=@OLD_SQL_MODE */;
/*!40014 SET FOREIGN_KEY_CHECKS=@OLD_FOREIGN_KEY_CHECKS */;
/*!40014 SET UNIQUE_CHECKS=@OLD_UNIQUE_CHECKS */;
/*!40101 SET CHARACTER_SET_CLIENT=@OLD_CHARACTER_SET_CLIENT */;
/*!40101 SET CHARACTER_SET_RESULTS=@OLD_CHARACTER_SET_RESULTS */;
/*!40101 SET COLLATION_CONNECTION=@OLD_COLLATION_CONNECTION */;
/*!40111 SET SQL_NOTES=@OLD_SQL_NOTES */;

-- Dump completed on 2020-03-03 11:52:00
